mfcc_1,mfcc_2,mfcc_3,mfcc_4,mfcc_5,mfcc_6,mfcc_7,mfcc_8,mfcc_9,mfcc_10,mfcc_11,mfcc_12,mfcc_13,label,file_name
-139.56592,82.90757,-5.7034564,33.214043,-13.263159,19.647242,-7.089233,12.901156,-2.9325507,8.482023,-2.8744318,2.0604177,0.29377055,0,normal_noisynormal_101_1305030823364_B.wav
-229.03168,97.62143,33.023235,43.63833,-8.036755,16.986246,-4.8732505,15.630866,-1.3087763,6.5722466,-3.5488648,2.180904,2.311149,0,normal_noisynormal_101_1305030823364_E.wav
-212.33269,107.27,14.295906,26.104742,-21.847849,14.532396,-15.741999,9.734968,-3.5273547,6.730226,-4.2246284,-0.05957521,1.7098547,0,normal_noisynormal_104_1305032492469_A.wav
-203.74088,137.37552,8.274991,28.039608,8.096294,28.695852,-8.935832,10.393892,-2.922178,7.86132,0.39521062,4.0367723,0.49216732,0,normal_noisynormal_105_1305033453095_A.wav
-186.08253,119.1096,25.692886,39.22015,-3.2355573,28.64057,2.5827558,16.94941,0.9948037,9.040695,-0.6492291,6.5132027,-0.5408083,0,normal_noisynormal_105_1305033453095_C.wav
-134.787,126.96286,8.4870205,30.42179,-8.524895,16.985622,-7.5743246,5.0006433,-7.7694936,4.1370263,-5.6729193,-0.4134731,-3.4851463,0,normal_noisynormal_106_1306776721273_A.wav
-242.97919,93.11134,26.453299,28.166708,2.3067274,30.223127,-3.321471,13.343633,-3.0267386,10.843061,2.2193766,4.535191,1.9227384,0,normal_noisynormal_107_1305654946865_A.wav
-178.18779,74.229454,21.280445,31.174906,-8.751207,12.5658245,-2.2477922,16.102917,0.97061104,10.385714,1.3758786,3.5920527,3.5979748,0,normal_noisynormal_108_1305654420093_A.wav
-192.38959,94.89282,29.172329,30.749851,-12.625072,15.518429,-4.280252,15.635957,1.6733387,13.367124,0.6816989,5.7169,3.9969926,0,normal_noisynormal_108_1305654420093_B.wav
-184.84492,130.84093,8.118101,19.020546,-15.122201,22.533316,-0.547418,12.304107,-1.2058831,18.33666,0.8685991,4.1807623,0.09556109,0,normal_noisynormal_109_1305653646620_A.wav
-218.60228,111.400215,15.938889,22.635138,-14.039763,12.973956,-6.8161445,12.128869,-2.2459464,8.240572,-1.5885233,2.9150782,1.6757005,0,normal_noisynormal_109_1305653972028_A.wav
-202.82632,106.64856,10.289202,21.15333,-10.115092,19.70504,-5.307702,11.135039,1.8676293,9.538601,2.399294,6.638474,-2.8404315,0,normal_noisynormal_109_1305653972028_C.wav
-199.32443,81.19506,22.664705,33.0788,-19.78011,12.409955,-14.63769,11.303946,4.679152,7.417043,-5.852462,4.207876,-1.7930466,0,normal_noisynormal_109_1305653972028_E.wav
-193.50476,84.8778,25.73359,35.490097,-11.771694,6.767151,-15.36179,12.129433,-1.400187,8.965746,-4.7316,0.014376219,-2.6188908,0,normal_noisynormal_109_1305653972028_F.wav
-225.9264,97.431335,14.712831,33.750614,-10.261298,19.353786,-9.10897,10.711079,-5.614925,5.531155,1.5195913,4.0268745,0.2993753,0,normal_noisynormal_110_1305655332337_A.wav
-193.96605,110.87546,14.598025,27.977057,-14.978146,17.56569,-4.9877515,12.553514,-6.803173,3.5617645,-3.6112862,1.9670758,-3.8346338,0,normal_noisynormal_110_1305655332337_B.wav
-185.92448,128.85954,10.836548,39.7146,-10.05149,19.59167,-5.835688,9.817373,-4.7826867,7.1074038,-3.105781,2.3787725,0.29784656,0,normal_noisynormal_113_1306244002866_A.wav
-151.56796,128.34778,-1.1226907,26.98739,-14.410544,15.208238,-10.538941,10.210653,-10.728133,1.4214306,-6.534111,-2.233083,-6.060024,0,normal_noisynormal_113_1306244002866_B.wav
-156.98212,118.12929,-1.796841,40.927525,-1.29042,21.299253,-1.6345767,11.773068,-0.20671512,8.943312,0.73231894,3.8641086,2.0406487,0,normal_noisynormal_115_1306259437619_A1.wav
-152.39651,139.55943,12.074657,43.332985,5.052964,32.262383,1.298943,16.223913,-0.092744574,7.9306664,-0.22850692,2.7987423,-0.6242002,0,normal_noisynormal_115_1306259437619_B.wav
-189.21947,120.21148,12.3613405,20.8402,-16.28173,13.796904,-11.84268,6.7809634,-6.971816,3.0872781,-3.5042517,-0.2490813,1.0932173,0,normal_noisynormal_117_1306262456650_A.wav
-170.83038,109.149345,3.7867424,34.017765,-18.621939,10.205563,-12.910222,7.9265804,-6.678635,3.1719666,-5.750102,-0.7813059,-2.488078,0,normal_noisynormal_117_1306262456650_C.wav
-139.78339,108.804085,11.082157,24.77035,-15.9570265,11.557585,-9.524318,10.325057,-2.761957,4.977052,-5.3407297,0.14148432,-2.114206,0,normal_noisynormal_117_1306262456650_D.wav
-95.94773,105.182236,15.40289,27.303223,-12.227847,9.278723,-2.1758988,10.876631,-0.8235262,6.027954,-2.7747307,3.039784,0.36132476,0,normal_noisynormal_118_1306262335509_B.wav
-165.59586,103.01057,24.494698,31.32952,-15.216015,18.717762,-5.5331006,15.743903,2.2944193,2.1676147,-4.901268,-1.1087446,-2.7630973,0,normal_noisynormal_118_1306262335509_C1.wav
-158.4014,96.74474,19.71349,40.181034,-6.3249574,18.827486,-9.670529,17.431551,-2.874286,-1.7508557,-5.9269023,-0.6963864,-2.2286646,0,normal_noisynormal_118_1306262335509_D.wav
-220.38762,90.34516,4.7548685,27.713085,-10.8839245,18.816757,-11.151878,12.551764,-1.5602322,6.2498465,-3.4276836,2.3548949,2.1657615,0,normal_noisynormal_121_1306263877235_A.wav
-205.98236,109.19961,12.2046795,26.90125,-7.438199,19.461979,-7.063288,12.347653,-5.886689,2.5978038,-6.183322,1.0505855,0.17717817,0,normal_noisynormal_121_1306263877235_C.wav
-240.19716,87.24601,16.542662,36.965794,-10.515414,20.551111,-8.364327,7.5519843,-7.9471354,0.751975,-9.074429,2.1527324,-1.6850122,0,normal_noisynormal_121_1306263877235_D.wav
-60.54813,141.76091,-10.564991,34.51533,0.063824624,2.447262,-8.1887455,8.519135,-5.283961,0.60804176,-5.328564,-2.980394,-0.39271083,0,normal_noisynormal_123_1306331925797_B.wav
-128.72096,144.81305,-0.71589524,23.504406,-6.858225,16.380419,-2.5602634,11.304528,-6.964042,2.7492967,-6.4689317,-1.1472344,-4.323609,0,normal_noisynormal_123_1306331925797_C.wav
-169.25076,170.82057,4.5449486,19.778133,-2.5446668,18.6823,-10.435482,6.3406982,-2.3109694,2.3785076,-5.3033686,0.48945436,-1.9871441,0,normal_noisynormal_125_1306332456645_A1.wav
-134.82741,143.40625,2.4716358,28.289795,-7.8067555,18.19851,-8.188331,3.7741272,-3.194614,4.585925,-2.4028287,1.6311332,1.5025479,0,normal_noisynormal_125_1306332456645_A2.wav
-99.69327,152.95485,-7.959445,25.264841,-5.719103,17.460558,-6.616913,6.4759545,-5.9469,0.80357593,-8.729996,-4.662012,-6.1292233,0,normal_noisynormal_125_1306332456645_B1.wav
-134.55275,134.59819,-10.970969,24.089684,-1.2757472,19.870735,-9.751522,10.882922,-4.578113,6.212656,-3.3159735,1.8733349,-3.1019425,0,normal_noisynormal_125_1306332456645_C.wav
-122.189705,148.62202,-4.181818,26.189142,-8.846424,15.243159,-5.975295,10.963527,0.08998831,6.180906,-5.4035068,-3.216493,-4.6637597,0,normal_noisynormal_125_1306332456645_D.wav
-167.617,146.66235,16.20146,27.848864,-2.4834917,15.391901,-12.47338,8.247005,-1.6433319,8.343174,3.9192064,5.928457,-0.49686486,0,normal_noisynormal_127_1306764300147_D1.wav
-220.9965,143.05647,20.710615,35.98515,9.950904,21.647764,-7.426643,7.6663356,-0.25780556,8.252501,1.9820229,3.7312279,4.2627187,0,normal_noisynormal_129_1306344506305_A.wav
-149.21465,145.26277,4.393503,44.95214,2.9799118,23.095037,-7.060509,15.259697,1.1608882,9.084675,-1.7816349,-1.027548,-4.5662446,0,normal_noisynormal_129_1306344506305_C.wav
-63.5565,127.38201,2.5634205,48.32053,8.3427305,27.298693,-2.6570601,12.62534,-2.0772517,6.9225125,-0.3142477,4.309791,-0.59211475,0,normal_noisynormal_130_1306347376079_B.wav
-71.522865,114.178986,-3.0044255,45.533768,6.5045424,29.008835,-0.8058084,11.127224,-3.9623468,5.6529355,-2.4479342,2.8909278,-1.4006618,0,normal_noisynormal_130_1306347376079_C.wav
-183.00162,153.96248,20.87497,35.877613,4.8028307,26.494482,2.5498223,13.936445,-0.18156251,4.3953013,-5.7784905,-1.2550682,0.5292009,0,normal_noisynormal_132_1306758754432_B1.wav
-192.60986,143.47069,27.118893,38.525906,10.522279,32.120556,-3.16712,11.97688,1.7439916,7.9441533,-1.6334213,4.108228,-1.7952584,0,normal_noisynormal_132_1306758754432_C.wav
-210.91643,138.78322,17.639786,34.571297,2.9318388,23.410763,-3.9139233,14.471948,1.5308723,8.843573,-0.96796346,1.3648496,-0.72967595,0,normal_noisynormal_133_1306759619127_A1.wav
-172.6339,151.35883,12.415038,44.176296,20.206078,29.977575,-4.5178843,11.676475,-1.7170964,6.326721,-1.1080953,1.4364303,-1.1277868,0,normal_noisynormal_133_1306759619127_B1.wav
-178.96954,144.03767,23.487432,37.486088,1.9546081,22.49658,-6.256132,10.691889,-0.6583171,11.322437,3.3841453,4.414759,-0.2487863,0,normal_noisynormal_133_1306759619127_C.wav
-163.58926,137.94685,24.590942,45.5431,13.481133,23.961372,-5.8456783,9.980889,-2.0343165,4.177673,-2.4909067,2.1841173,-0.1414425,0,normal_noisynormal_133_1306759619127_D1.wav
-182.92311,135.45265,24.038786,32.656017,-10.310469,22.990906,-4.0285497,15.104653,-1.2679863,4.64468,-2.419872,-0.8746988,-3.9639053,0,normal_noisynormal_134_1306428161797_B1.wav
-205.55984,121.036995,16.3149,23.88775,-6.9080434,29.719883,-0.7532839,8.907035,-2.6099963,9.1642885,3.4115267,5.344279,1.3321064,0,normal_noisynormal_134_1306428161797_D1.wav
-140.22545,145.69621,3.7954557,43.78179,2.2544386,30.802193,-5.6905117,9.024434,-7.179667,4.5354853,-3.1278424,1.9975035,-0.7974968,0,normal_noisynormal_136_1306429977501_B.wav
-175.36952,156.81433,11.274835,34.902447,7.8895526,29.74989,-5.014395,7.9615464,-7.5137954,1.8235446,-4.714675,-0.5587187,-3.5042274,0,normal_noisynormal_136_1306429977501_C.wav
-136.79268,120.54101,-8.355024,30.301275,4.757209,28.425783,-4.0858865,10.880114,-3.5848017,9.307945,1.8396142,3.9489758,-2.1777692,0,normal_noisynormal_136_1306429977501_D1.wav
23.946657,109.53222,-17.456608,18.077227,-3.4835172,2.05461,-13.115378,-5.5692253,-0.6374701,2.982929,-2.650736,3.0522063,8.8894005,0,normal_noisynormal_137_1306764999211_A1.wav
9.4418125,136.40181,-32.27569,16.011795,-3.3180594,3.6071684,-10.035822,-1.9173193,-0.58409965,1.6187203,-1.1508532,5.5884967,11.723836,0,normal_noisynormal_137_1306764999211_A2.wav
-35.253925,151.47997,-22.875563,29.067333,-3.425308,14.06966,-0.33899733,7.532532,2.5129595,6.6729846,-0.24757496,1.4279563,-0.38491133,0,normal_noisynormal_137_1306764999211_B.wav
-82.27223,159.26154,-8.59638,16.805788,-2.2548087,18.29666,-4.012284,16.985004,-1.127592,6.478372,-4.6999683,2.8076456,-5.5905857,0,normal_noisynormal_137_1306764999211_C1.wav
-45.709507,162.35255,-18.540636,6.654857,-7.3222995,16.223482,-2.3551033,11.084327,3.5465584,9.483576,2.1068504,2.9780343,-2.97774,0,normal_noisynormal_137_1306764999211_D1.wav
-200.56776,109.78739,14.045653,32.55564,0.28741243,26.88023,-8.28676,11.360089,-1.4738849,4.9910126,-3.3522973,2.8833807,1.2837452,0,normal_noisynormal_138_1306762146980_A.wav
-144.68433,102.73044,-11.683114,31.416441,12.689669,18.462791,-6.0342555,10.882251,-1.1844698,2.0865436,-4.2437057,-0.6558683,0.045007303,0,normal_noisynormal_138_1306762146980_D.wav
-221.71336,138.35709,15.48054,36.43832,4.5482817,21.063538,-9.745808,8.722432,0.47858334,11.819393,4.6048822,5.9198985,3.8467538,0,normal_noisynormal_139_1306519274653_D.wav
-191.28442,135.15283,15.318036,37.088436,4.9545016,28.3779,-0.34748143,10.495841,-0.6123367,9.5257015,-1.6544324,1.9312749,-1.2980521,0,normal_noisynormal_140_1306519735121_C.wav
-120.8688,149.06467,-0.25436366,32.609997,0.41863453,15.777273,-10.213836,4.6793575,-3.447937,6.416007,1.1611733,4.4214897,1.4752685,0,normal_noisynormal_141_1306520154450_A1.wav
-60.932632,140.38753,17.294353,39.02608,-5.768009,19.595114,-3.3973691,8.736366,-0.59436506,1.7201787,-3.930744,2.514347,-0.7202428,0,normal_noisynormal_141_1306520154450_B1.wav
-93.64758,125.55034,2.6601748,34.906403,-0.8649532,31.219799,0.16982135,12.42372,-3.209381,6.709471,-2.659517,2.401489,1.0913689,0,normal_noisynormal_141_1306520154450_C1.wav
-247.36313,101.317635,30.301868,35.490273,-4.98285,26.882963,-6.4784913,12.905213,-3.0662174,6.6676006,-0.39206445,4.114551,-0.14465232,0,normal_noisynormal_142_1306763049574_A.wav
-205.94557,115.71888,21.272625,39.067524,1.090268,28.749744,-2.1685884,14.891806,-0.5911794,7.132911,-0.7179002,4.3878317,-3.4774458,0,normal_noisynormal_142_1306763049574_B.wav
-208.37666,98.77087,-0.10085454,39.465767,-1.4048759,14.787869,-16.34267,4.743558,-7.659618,1.8209561,-9.3383045,-1.8424711,-2.2932901,0,normal_noisynormal_142_1306763049574_D.wav
-188.01013,153.14119,22.18128,27.338432,1.7251177,19.47925,-6.075585,14.476742,-0.9409247,5.5125194,-4.2397065,2.144228,1.6686318,0,normal_noisynormal_143_1306763822290_A.wav
-154.84361,128.35214,-2.1039078,45.47852,10.5564575,27.940592,-3.2042928,13.526952,0.02088368,10.158185,1.5018579,5.115751,0.15144876,0,normal_noisynormal_144_1306522408528_A1.wav
-109.413864,123.53422,2.1320455,52.23541,7.0590553,32.748276,0.5370606,16.490936,-0.7970766,8.212625,-0.51791126,1.8899976,-2.0716739,0,normal_noisynormal_144_1306522408528_C.wav
-251.36232,115.56611,32.41725,46.454445,-12.612339,16.138758,-9.735165,10.089542,3.6912813,6.6866837,0.21189952,3.5633311,0.70243776,0,normal_noisynormal_146_1306778707532_D.wav
-210.8476,148.28244,29.03803,35.29107,-0.55418867,26.51955,-3.7003365,12.07164,1.1644062,8.055412,-1.3886031,1.6915302,1.0789688,0,normal_noisynormal_147_1306523973811_B.wav
-146.40244,110.50517,-0.6607792,8.581673,-15.296004,22.228342,-14.153515,3.8223228,-2.7355137,4.1731353,-1.8446873,2.4289017,0.33652782,0,normal_noisynormal_149_1306776016110_A.wav
-141.95076,117.12525,-5.604659,20.63258,8.455982,19.391672,-10.474161,5.7972116,-5.754478,2.7580948,-2.5917518,1.5375234,-1.3497742,0,normal_noisynormal_150_1306776340746_A.wav
-119.44523,81.39292,-7.6220026,44.8086,-7.9367485,26.661942,-3.68883,15.002467,-4.9021535,6.6372995,-2.1963222,1.5207599,-3.0344937,0,normal_noisynormal_151_1306779785624_C.wav
-178.55666,158.9377,22.021183,34.9413,8.1392975,28.880856,-6.870912,10.226051,0.0036147092,9.697045,2.3249216,3.7589378,-2.2464616,0,normal_noisynormal_154_1306935608852_C.wav
-202.11255,138.65027,8.222706,28.213142,7.0004086,30.155369,-4.149028,9.915181,-2.20538,8.624241,-0.4157809,2.3453462,-0.6031922,0,normal_noisynormal_155_1306935902813_A.wav
-139.99107,119.30391,11.998072,34.439457,4.054176,28.739914,0.29840523,14.6576605,-2.9079998,6.5721865,-1.8858564,2.4306319,-0.085475795,0,normal_noisynormal_155_1306935902813_C.wav
-235.09744,75.35173,21.590183,38.824368,5.395198,35.81468,-3.4666681,7.732342,-0.5121084,10.550378,0.6874917,1.5988442,-0.24675912,0,normal_noisynormal_157_1306937583792_A.wav
-207.79121,111.52582,21.740448,32.060654,-1.9764737,28.245188,-8.020995,7.6421266,-2.826015,10.149664,-1.0903982,0.85778934,-3.3379452,0,normal_noisynormal_157_1306937583792_B.wav
-177.53864,141.6787,10.138763,27.617674,7.962314,30.719791,7.236204,12.208366,2.2651722,11.572193,1.9569346,-1.2137774,1.8622507,0,normal_noisynormal_158_1306947254705_B1.wav
-247.64766,121.472374,9.245804,35.930637,10.467562,25.79275,-3.843579,13.557677,2.4299655,12.952043,4.1671796,6.620152,5.5830746,0,normal_noisynormal_158_1306947254705_D.wav
-145.2497,147.15225,8.2759075,53.400818,4.4476237,19.73699,-4.7549005,8.841659,-7.251364,1.5364699,-4.9639115,0.7276976,-1.6111692,0,normal_noisynormal_159_1307018640315_A1.wav
-108.05952,159.9577,11.929347,32.67808,5.7399645,19.302547,-2.2785664,10.046945,2.82914,2.565847,-6.0834312,-1.4251726,-1.3318969,0,normal_noisynormal_159_1307018640315_B.wav
-200.44562,145.63222,13.713158,37.64499,10.283119,30.48261,-4.222828,8.19713,-2.879872,9.614409,1.8560221,3.433701,-1.6330608,0,normal_noisynormal_163_1307104470471_D1.wav
-166.99265,122.795044,-1.7005318,22.87972,7.9958286,28.01237,-6.227654,6.9865246,0.1830306,9.168576,0.72378427,3.0187633,2.7923794,0,normal_noisynormal_167_1307111318050_A1.wav
-210.43532,120.965744,20.18898,33.155922,3.9759254,34.69448,-6.735909,9.880031,-2.6008482,10.831036,-0.7656954,-2.1829915,-7.74119,0,normal_noisynormal_167_1307111318050_B.wav
-197.26537,129.19101,-3.4600995,31.993124,7.2563267,34.88649,1.7029319,5.567685,-7.1796455,10.35066,-0.44700962,0.5071581,-5.993063,0,normal_noisynormal_168_1307970069434_A1.wav
-181.21448,127.23473,14.981071,24.129826,8.326266,32.516426,-6.6284885,4.835674,-0.47539723,9.647911,-1.0012276,-0.50894606,-1.5084505,0,normal_noisynormal_169_1307970398039_A.wav
-52.87476,121.246635,8.505294,41.432636,-1.3549261,12.625078,-1.7670385,1.9555849,-9.394577,11.536145,10.618014,-1.0428133,-5.6634717,0,normal_noisynormal_170_1307970562729_C1.wav
-197.06955,78.841446,17.001417,32.48847,-0.95656914,26.879555,2.2138274,10.694406,-8.584188,7.75767,-1.0994492,0.04027886,-0.6348412,0,normal_noisynormal_172_1307971284351_A.wav
-110.13572,146.46716,14.605783,35.81891,12.047787,21.346003,-1.7850918,12.424769,0.8360901,3.1565318,-1.9381051,-2.4276338,-0.0318619,0,normal_noisynormal_173_1307973611151_B.wav
-43.901497,112.79186,2.6126175,38.14243,2.285135,24.26331,-1.1693178,12.475007,2.0780718,2.2916205,-1.1833202,1.1575019,-2.2620676,0,normal_noisynormal_173_1307973611151_C1.wav
-177.10358,101.46288,15.31219,35.86286,-5.0335307,14.267055,-4.233524,13.21163,2.8239467,12.413367,2.0748801,0.48692703,-1.5981561,0,normal_noisynormal_176_1307988171173_D.wav
-67.84038,116.462166,-4.8389,35.024162,1.2635485,23.55784,1.2032344,12.455149,0.88963,6.7799416,-2.4074993,1.4273113,-0.6935665,0,normal_noisynormal_178_1307989887769_B1.wav
-204.75667,124.18508,2.117086,27.35061,-0.4824358,21.14656,-5.4356833,11.177427,-4.488353,7.9590364,-1.2604678,0.25851268,-2.590402,0,normal_noisynormal_181_1308052613891_A.wav
-104.23651,119.260956,-4.6535864,48.990547,4.9591885,29.957247,1.9345851,16.236776,-0.515317,6.636375,-1.2898525,2.548042,-2.3467503,0,normal_noisynormal_182_1308053371395_B.wav
-119.81153,123.63497,-1.028986,9.817373,-5.0141945,12.427971,-10.120872,7.2266445,1.2598567,0.9403455,0.82106674,0.8976027,6.847773,0,normal_noisynormal_188_1308074301731_A.wav
-161.55302,129.9876,15.250298,44.313423,13.145271,32.222134,0.5838731,8.8794775,-2.2251449,8.59534,-0.67018807,3.030604,-3.228497,0,normal_noisynormal_189_1308075231945_A1.wav
-68.00137,111.85188,14.130944,48.292103,7.46063,32.602364,-1.5696473,11.60058,-6.4910064,4.5608664,-4.942278,2.2033734,-3.020073,0,normal_noisynormal_194_1308139824187_C.wav
-201.89986,122.45958,37.473106,42.954388,10.513791,30.444277,-4.6356153,13.39953,0.5551695,8.311455,-1.7466303,-3.2464502,-7.6546144,0,normal_noisynormal_198_1308141739338_D.wav
-178.6994,99.30016,19.449286,36.162033,6.0798025,27.958849,4.7542553,8.396425,1.7930037,11.116612,7.5673103,3.2133808,2.6573722,0,normal_noisynormal_207_1308159792607_D.wav
-182.81998,165.19553,4.4750733,23.725431,-5.3373723,24.562628,2.2746837,16.285177,-2.4644077,10.464564,2.0574014,5.500186,0.90043473,0,normal_noisynormal_216_1308245839516_D.wav
-161.94351,138.21512,15.169586,45.062088,8.360102,24.725065,3.811397,10.205901,2.0410538,4.4652677,-0.50598824,3.7611232,0.88637805,0,normal_noisynormal_234_1308748855534_B.wav
-165.88858,126.43438,19.956326,61.587753,10.832843,33.288147,0.78630686,15.940694,1.7748502,11.44423,1.0553052,4.687782,-0.4252884,0,normal_noisynormal_246_1309199278902_D.wav
-123.873474,111.32883,9.293357,48.542862,11.697976,32.44309,2.9314687,14.573724,0.08306894,9.339702,1.878437,3.6629765,-1.4242471,0,normal_noisynormal_258_1309352253234_A.wav
-124.26392,106.51405,1.7041653,33.03522,-11.79022,14.337972,-0.25613844,12.561536,-4.562736,8.126004,-0.80958563,-0.537712,-3.0405962,0,normal_noisynormal_264_1309356143724_B.wav
-142.24174,100.734,2.632595,34.580284,-6.130016,20.712643,0.9980425,12.4239435,-4.1297545,10.199983,3.4074564,2.616786,0.0010286743,0,normal_noisynormal_264_1309356143724_C.wav
-157.13112,108.658875,17.74442,30.910591,-8.552295,16.439955,-3.1425977,10.217643,-6.4584274,5.2188754,1.5139574,-1.9204986,-2.1587143,0,normal_noisynormal_264_1309356143724_D.wav
-218.77419,139.56209,18.51094,38.206615,1.0373484,30.367603,2.0089867,13.599498,0.79539,10.6576805,-0.13270493,6.0019674,0.7443057,0,normal_noisynormal_270_1309369533040_A.wav
-139.47636,128.42514,-0.16780524,46.1354,4.307613,34.671516,4.987384,19.817764,2.8093693,12.624348,1.3316972,4.9415255,-0.2445454,0,normal_noisynormal_270_1309369533040_B.wav
-236.83835,124.52041,7.915596,16.730509,-14.148255,16.89418,-8.967561,6.4556804,-6.1928926,7.8649287,-4.628548,-3.143318,-1.1805269,0,normal_noisynormal_271_1309369876160_A.wav
-229.13744,124.85429,15.4692335,27.592346,-12.324333,13.927957,-9.38931,5.9703493,-3.5731058,13.409419,0.47720623,2.7939103,4.150451,0,normal_noisynormal_271_1309369876160_C.wav
-213.94044,126.02094,11.906864,33.219906,-4.5621796,16.719284,-9.367762,8.273297,-6.891196,8.695621,-0.41377565,0.7313787,-1.6959648,0,normal_noisynormal_271_1309369876160_D.wav
-177.35796,158.0167,9.459404,35.930264,4.409959,23.811554,-3.504747,9.602123,0.698943,11.144257,-1.9016482,-1.050903,-5.2045393,0,normal_noisynormal_278_1311163365896_B.wav
-177.18163,144.39296,7.947318,33.947914,2.1365244,29.293447,-3.3660693,10.471647,-0.5005884,9.036373,-1.9300545,1.7770433,-1.4622011,0,normal_noisynormal_284_1311168471850_A.wav
-120.08576,146.68568,0.58673173,31.191263,-9.717215,15.593877,-3.124574,14.855009,2.0483966,5.7978306,-4.349283,-1.8001169,-7.0911846,0,normal_noisynormal_284_1311168471850_B.wav
-248.11626,98.04755,21.523848,39.867496,13.084016,27.202126,0.69711065,21.011753,4.854739,13.410502,-1.624034,5.8248286,1.6795219,0,normal_noisynormal_285_1311169246969_C.wav
-117.76321,129.6659,3.174754,35.27863,-3.7666821,24.563751,0.2698993,14.04917,-2.7467453,8.912866,1.705213,4.6963396,-2.6871374,0,normal_noisynormal_296_1311682952647_C.wav
-127.01644,156.37375,21.878595,22.884924,-8.401724,17.143505,1.5333874,14.634537,-1.8216188,3.3106942,-3.7190604,-4.225072,-5.4360633,0,normal_noisynormal_296_1311682952647_D.wav
-191.94432,155.6467,22.455418,35.580242,-2.9488485,23.257648,-4.648006,13.196443,0.5570374,9.031071,1.8906158,6.236287,1.4379904,0,normal__103_1305031931979_B.wav
-178.48659,145.53065,31.82276,43.145935,-6.173173,20.853582,-0.8058269,17.091232,5.3973083,12.508418,0.39440984,2.0238965,-0.3130063,0,normal__103_1305031931979_D1.wav
-206.558,164.7032,45.35384,32.714306,-5.280353,24.197863,4.655212,17.265278,4.34096,8.449205,-1.6462294,-0.32706064,0.037064157,0,normal__103_1305031931979_D2.wav
-192.72786,164.59547,35.97538,37.20394,-5.3821483,21.980543,2.245146,17.411692,5.7210107,8.948143,-0.878212,1.4843823,-0.81038177,0,normal__103_1305031931979_D3.wav
-142.05511,127.48301,27.701845,34.378704,2.245498,24.426548,4.5591145,11.302341,0.88976556,8.050639,0.36140677,0.50619954,-1.9749724,0,normal__106_1306776721273_B1.wav
-151.46866,126.27503,27.935658,41.519703,2.6198099,25.73957,-0.42673248,12.117418,1.536129,11.87377,-1.5133328,2.9171283,-2.2841747,0,normal__106_1306776721273_C1.wav
-151.50862,122.23156,23.083399,39.020008,3.2680495,25.732727,-4.9466763,12.837689,0.97878444,9.068759,0.33367822,3.0467548,-1.0954193,0,normal__106_1306776721273_C2.wav
-117.321754,154.54604,13.47463,28.332373,-1.3752524,23.021393,-3.7022405,13.350444,-0.62042725,7.109262,-1.8573853,1.5120317,-3.4414837,0,normal__106_1306776721273_D1.wav
-147.98634,153.30101,26.952736,30.710514,4.7704086,24.841417,-10.005939,7.3800535,-4.859772,4.2671585,0.76150995,4.444705,0.3686011,0,normal__106_1306776721273_D2.wav
-216.32579,122.14331,34.859505,35.948395,-2.1291518,29.541756,-4.2074122,11.5079,-6.3017817,9.669811,-2.5766225,-0.6199616,-4.0056825,0,normal__107_1305654946865_C1.wav
-223.88116,116.37117,26.842237,50.865395,15.054765,32.51898,-1.7364323,7.1617684,-1.8375434,11.010243,0.1260704,3.8513727,-0.879173,0,normal__109_1305653646620_C.wav
-203.00996,146.40968,22.109262,19.497429,-16.252014,25.317963,2.038615,12.895404,-8.305309,6.3259516,3.421366,6.065748,2.9551651,0,normal__113_1306244002866_D.wav
-171.34354,117.08648,22.337767,44.510567,-2.9142852,25.524397,5.317363,25.109673,1.8801717,8.27534,-0.6282467,2.756795,0.4150656,0,normal__115_1306259437619_C.wav
-168.90804,152.741,21.199694,23.682259,-12.284592,17.35453,-7.1240897,13.063477,2.381018,7.7137146,3.5547307,2.7601752,0.64239556,0,normal__117_1306262456650_B.wav
-170.00684,172.70963,0.4134021,26.17638,-0.060108297,17.22064,-5.8167996,10.55456,-2.0890436,4.6994667,-6.9693766,-5.1380095,-7.0075603,0,normal__125_1306332456645_B.wav
-170.61505,121.9594,25.426188,33.97418,6.5236187,26.339594,1.834692,8.621579,1.3144988,10.378776,-1.5777384,-1.333691,-3.0516489,0,normal__126_1306777102824_B.wav
-173.10048,108.39674,21.073143,39.860394,4.446682,26.74566,7.123111,19.233788,-3.6173935,0.26255244,-5.4778385,0.24831748,-1.4964519,0,normal__126_1306777102824_C.wav
-188.88745,105.58409,26.780294,39.61267,6.8761635,29.280222,4.823935,13.510892,2.7633538,13.582733,-1.827141,-2.365438,0.9411197,0,normal__126_1306777102824_D.wav
-242.4132,127.011566,14.378284,33.23152,12.963819,26.47886,-14.258839,11.351525,3.409138,10.849319,1.458586,6.775272,4.444395,0,normal__127_1306764300147_A.wav
-183.34477,149.49347,22.091127,43.162,8.618798,22.508379,-9.158535,12.318799,4.57221,14.069379,0.48905483,2.692705,2.4095733,0,normal__127_1306764300147_B.wav
-153.79932,146.48598,17.851715,38.9756,6.251855,25.33088,-0.33572212,11.881895,-1.3415625,9.176163,2.6068666,4.5587206,1.5233309,0,normal__127_1306764300147_C1.wav
-186.30722,154.27312,10.745066,47.960384,23.813213,30.148186,3.5578847,13.441057,1.0163374,12.917449,3.9793262,0.650149,-1.3204359,0,normal__128_1306344005749_B.wav
-255.61467,135.91823,29.447783,42.56067,13.754026,27.769493,3.5667021,16.6328,5.4065323,9.383429,0.3359307,1.9612286,2.4555867,0,normal__128_1306344005749_D.wav
-262.49173,131.02466,36.330868,45.499256,13.489418,27.501724,4.7409854,19.460888,6.717046,11.06682,-0.5871662,1.4810963,2.2619877,0,normal__128_1306344005749_D1.wav
-181.72847,158.14998,24.346685,46.167225,13.848064,15.998103,-8.360452,17.167044,9.065792,9.199778,1.1964098,-0.11384511,-6.3818493,0,normal__129_1306344506305_B1.wav
-216.13184,167.76756,36.56841,33.28162,-1.902635,20.859562,-6.0400653,11.105596,2.507129,7.4438553,1.082391,1.0341074,0.92345554,0,normal__129_1306344506305_D.wav
-222.71214,170.90112,47.602245,31.190756,-2.446292,19.939373,-6.6512604,9.860026,1.4680047,6.285553,0.62485904,2.3773792,0.48899192,0,normal__129_1306344506305_D1.wav
-243.57832,139.59853,27.695795,28.10512,3.6468558,25.735292,-2.8783636,12.789768,0.66152114,12.195587,4.920849,6.4360657,0.9595987,0,normal__133_1306759619127_A.wav
-188.1748,149.65848,26.213964,48.273365,19.282951,30.16755,-3.6914284,10.760179,-1.6583083,5.21681,-1.9241902,4.626727,0.8219699,0,normal__133_1306759619127_B.wav
-201.90112,136.89702,31.972698,50.41958,16.777435,26.201704,2.5309832,14.853576,-0.4271365,4.417752,-0.4917241,1.7913226,1.1385982,0,normal__133_1306759619127_D.wav
-225.13821,107.79919,25.7083,37.454113,-2.0432863,32.433304,5.0948234,24.432735,11.238949,14.511915,2.6056,2.3411002,-2.8573136,0,normal__134_1306428161797_C.wav
-235.27588,110.99472,31.945366,37.12383,-8.050092,28.353155,1.7859977,24.839098,8.80868,11.849978,2.3835597,3.0424223,-0.21171232,0,normal__134_1306428161797_C2.wav
-256.08722,94.85151,34.5158,47.607388,-0.5458148,27.433334,-2.827684,12.069025,1.1974113,9.553667,0.93356884,5.707528,5.0252485,0,normal__134_1306428161797_D.wav
-93.56861,171.25233,-12.488182,14.027154,-1.4374286,22.75679,-3.3473275,16.806295,-1.5963942,7.352156,-5.2123947,2.3759117,-4.5669827,0,normal__137_1306764999211_C.wav
-100.95031,184.71266,-16.944551,0.5578082,-11.357679,22.114426,-2.236492,14.623912,0.7738425,10.366783,-0.011691788,1.5965669,-3.6539338,0,normal__137_1306764999211_D.wav
-240.75403,150.00565,25.981,30.746767,7.4071507,29.964193,-0.023463758,9.820696,-2.8952658,4.455573,-2.047971,-0.7745851,-1.8229791,0,normal__139_1306519274653_A.wav
-239.27171,135.68939,23.274023,31.727812,7.094135,27.364672,-12.691401,4.896573,-2.769414,9.421091,2.3595736,4.1122975,2.6713974,0,normal__140_1306519735121_A.wav
-188.92177,153.77234,23.018625,41.446262,11.910625,28.452358,-5.9992414,7.7214055,2.468142,9.493863,1.3430712,3.8280118,-0.45695707,0,normal__140_1306519735121_B.wav
-238.3712,134.34242,24.727419,34.17529,10.508951,32.707,-4.7003746,11.846915,2.381863,11.62489,3.66123,1.8908093,-0.20676589,0,normal__140_1306519735121_D1.wav
-126.15865,166.51895,23.260447,41.05069,9.887929,22.937885,-2.3520644,7.098621,-0.09387161,8.7486725,0.9650357,0.7505846,-1.2680445,0,normal__141_1306520154450_B.wav
-148.85739,165.59886,9.674616,29.222208,12.359407,29.987427,-3.3725636,11.664804,-1.7760346,5.685778,-5.586069,-1.1166841,-2.5872908,0,normal__141_1306520154450_C.wav
-206.44283,153.41307,24.823992,32.637863,-0.7754894,25.560038,-2.6277554,12.6617155,1.3849229,9.465905,-0.060747307,1.6128621,0.38726687,0,normal__143_1306763822290_B.wav
-204.32213,143.53947,23.511433,41.305428,2.9782646,24.635008,-0.9101283,13.0122595,-1.0635201,4.457701,-0.9276065,1.3918781,-0.7136343,0,normal__143_1306763822290_C.wav
-192.02202,136.6045,25.278519,19.009933,5.396267,34.43026,-1.3113605,10.332527,-3.9853442,7.5393686,-3.1326861,-1.2079308,0.12813908,0,normal__145_1307987561278_B.wav
-192.75017,121.60239,36.202324,38.09123,8.012271,36.097164,1.5198761,19.099075,-0.7285984,10.848593,-2.9895391,1.6726413,2.1660633,0,normal__145_1307987561278_C.wav
-190.42838,122.13686,19.970585,36.17404,20.299,32.89678,-4.2548537,4.8721943,-4.4880466,3.1287105,0.89563704,2.6990538,-1.4140395,0,normal__146_1306778707532_A.wav
-138.66939,143.75014,28.801313,44.10081,12.857277,25.438463,2.1834943,11.699033,6.443076,7.0084453,-2.0595932,-7.5483375,-12.488163,0,normal__146_1306778707532_B.wav
-184.67088,144.33354,27.851044,42.83868,1.8764834,27.231554,-0.9733718,13.558128,-1.2054224,7.4939137,-0.73328125,2.500936,-0.5825092,0,normal__146_1306778707532_D1.wav
-184.3632,149.3404,32.332424,42.371662,-7.3261447,20.322649,-0.9329872,17.297401,5.1729736,12.446014,0.21761087,2.2526045,-0.65111196,0,normal__146_1306778707532_D2.wav
-226.5777,155.75836,41.229485,34.694027,-6.180423,23.682138,2.9603658,14.143845,5.559927,10.707114,0.8547491,1.3336068,-1.4614358,0,normal__146_1306778707532_D3.wav
-206.57457,165.25024,44.62626,33.43074,-5.959544,24.841455,3.9663072,17.811764,3.8794196,8.823911,-2.0514748,0.038483806,-0.28203472,0,normal__146_1306778707532_D4.wav
-274.18094,129.71811,42.972015,45.453766,9.493393,25.337238,-1.3475572,14.227331,4.9773064,11.141838,1.4782138,1.4401726,3.4943101,0,normal__147_1306523973811_A.wav
-279.04095,132.70972,45.093525,47.647903,14.822748,32.461754,2.7789662,12.737211,2.7586174,7.1361156,-2.9918807,-3.1366236,-2.6438653,0,normal__147_1306523973811_C.wav
-219.26746,121.90441,24.223623,38.013386,2.3431401,30.998606,-3.901402,13.416326,0.90001637,7.73865,-3.070169,1.6297857,-2.2347097,0,normal__148_1306768801551_C1.wav
-189.89818,126.11865,10.296385,34.928806,8.125677,24.65588,-8.407229,9.033516,4.4180303,11.236682,1.6304486,4.544331,1.2705834,0,normal__148_1306768801551_D2.wav
-172.56018,118.135544,12.064672,36.684868,12.218794,35.76652,-4.5096726,10.98427,3.4219885,9.937825,-3.3629584,3.6471355,0.9459374,0,normal__149_1306776016110_B.wav
-204.45563,92.18092,28.709465,43.818005,3.3331428,30.885502,4.6637135,14.805137,2.6469088,9.318,-0.48272175,1.4223379,-0.12314306,0,normal__149_1306776016110_C1.wav
-180.79404,132.29332,17.103764,13.7753315,4.889429,25.856981,-9.316594,8.209451,-2.2685604,2.3719168,-3.225545,2.9974802,0.5360453,0,normal__150_1306776340746_B.wav
-186.12291,116.0912,34.19557,49.602383,8.852534,21.688818,-0.7006428,16.375671,-2.7034292,13.921153,2.5886092,1.7718056,0.92228574,0,normal__150_1306776340746_C.wav
-180.527,116.679474,29.293856,32.98436,0.0299366,17.761534,-2.7726517,10.735392,-9.392004,3.875009,-4.7261295,1.3549166,-3.992259,0,normal__151_1306779785624_A.wav
-188.71797,104.24708,26.600103,64.40769,11.76102,34.334244,-1.5570322,15.366245,1.0360042,6.6095386,-1.0795311,1.6519599,-0.045848746,0,normal__151_1306779785624_D.wav
-162.16302,131.73877,30.51392,35.77295,10.556317,26.379929,3.6275783,13.517039,0.2132161,9.666514,4.30882,0.4360355,-3.6274576,0,normal__152_1306779561195_B1.wav
-186.21498,111.09405,24.469294,37.912853,13.207034,27.4759,-4.426726,10.054292,-4.7048492,10.157984,5.7823257,3.989982,-5.786545,0,normal__152_1306779561195_C1.wav
-187.96361,137.5216,21.395452,37.454662,20.589996,23.291008,-5.085566,16.149706,-0.7043597,8.044427,0.6720369,-3.434071,-4.5050073,0,normal__152_1306779561195_D.wav
-223.54942,112.240685,24.394503,44.12722,-0.57608616,26.497698,-3.832455,4.9151173,-5.2741485,4.817983,-1.829141,-0.69549567,0.97578895,0,normal__153_1306848820671_A.wav
-159.52113,166.71864,23.048468,28.683594,-8.760017,23.620926,-6.6333456,10.037442,-5.9670606,-0.2203213,-6.0985093,-0.30660066,-1.9376972,0,normal__153_1306848820671_B.wav
-166.99365,163.6141,25.952244,31.43428,-8.837311,24.542526,-4.157174,11.846118,-6.004474,-3.24816,-7.307181,-1.7520874,1.0717826,0,normal__153_1306848820671_B1.wav
-235.50485,112.81092,37.852024,46.399937,-2.278412,24.883408,-5.1102815,9.900047,-3.215781,4.9391418,-5.279502,0.3500809,-1.5117611,0,normal__153_1306848820671_D1.wav
-226.88838,141.62692,29.75024,47.74057,11.355814,29.10421,-0.18102404,10.476582,-2.9854667,3.798224,-4.053626,1.246494,-0.7993375,0,normal__154_1306935608852_A1.wav
-171.78833,168.35307,34.067432,43.550304,5.753679,17.401426,-5.8720064,11.212559,-1.6921153,6.382271,1.6469151,2.4370334,-3.1815608,0,normal__154_1306935608852_B.wav
-181.2095,165.91463,31.526876,45.038887,9.269563,19.801746,-5.519561,10.151082,1.1438055,8.725008,1.605021,2.0186834,0.6300509,0,normal__154_1306935608852_B1.wav
-227.43411,146.04773,25.99042,34.450024,9.955087,27.917141,-1.1293479,15.40463,1.989044,7.6202683,-3.560278,-1.6914064,-2.8888896,0,normal__154_1306935608852_D.wav
-191.44267,134.7724,15.413948,39.285786,13.712147,34.640965,-1.7503359,14.151359,0.17371528,8.220823,0.2944017,-0.64106274,-0.72900915,0,normal__155_1306935902813_B1.wav
-250.16458,135.57315,19.043083,47.718037,23.793318,33.24919,2.8128064,16.57874,4.8143444,8.37443,-4.4826326,2.4040475,4.6141725,0,normal__158_1306947254705_B2.wav
-204.10706,136.38467,19.562235,49.58302,19.555613,24.384068,-2.8853383,10.429522,-5.6436677,-0.048728283,-4.7675996,0.28107786,-1.4080902,0,normal__159_1307018640315_A.wav
-137.15302,161.02919,21.437382,37.91288,12.8531065,20.545324,-2.351933,12.673456,5.002273,1.2487583,-6.1140723,-2.7614067,2.5517955,0,normal__159_1307018640315_B1.wav
-147.42912,166.0766,22.681929,39.22783,13.001177,19.9779,-3.3830848,15.783946,5.0679975,2.854719,-8.636373,-5.7258844,1.2105163,0,normal__159_1307018640315_B2.wav
-181.46808,165.63774,36.939327,45.471794,9.7706,26.362133,3.3743713,9.180668,-6.646137,5.484006,-2.4458365,0.754703,-1.0248349,0,normal__159_1307018640315_C1.wav
-237.1535,117.95779,15.659821,32.609917,18.791508,43.436523,-4.414341,10.590939,-0.73123044,8.934293,0.24420343,3.1490514,1.7796627,0,normal__167_1307111318050_A.wav
-231.36119,105.891266,16.043491,35.711967,6.0801277,35.94748,-0.8822464,16.62431,4.373225,15.457778,0.23000568,1.4452542,-2.396986,0,normal__167_1307111318050_C.wav
-207.91953,132.36693,-2.4119136,26.123827,7.992651,36.519722,2.302276,5.900513,-7.785698,11.020802,1.6616944,1.04823,-6.8601284,0,normal__168_1307970069434_A.wav
-210.84335,137.09177,2.760465,29.861525,10.014597,36.23884,3.3474274,5.2600374,-6.296255,10.725534,3.3534765,2.7324839,-4.579225,0,normal__168_1307970069434_A2.wav
-181.03687,113.06611,25.46167,37.506565,11.460826,37.984795,-2.3710022,8.820943,-2.5050404,7.0221305,-0.5878473,2.6175425,-2.2443545,0,normal__169_1307970398039_C.wav
-185.74516,127.07558,32.005886,30.372713,-0.053327303,28.718098,-1.6696833,8.559873,-7.143972,6.350995,-4.244584,-2.6654139,-2.0775177,0,normal__170_1307970562729_A.wav
-96.876625,140.65874,15.963973,40.214314,9.777917,20.674181,-0.8392202,11.179664,4.405598,7.6780367,2.3111672,3.772199,0.21304277,0,normal__170_1307970562729_B.wav
-133.04123,147.09753,24.733202,40.82293,7.607796,26.235437,0.48423558,11.972843,-3.874444,9.756462,-0.6122211,0.17361821,-2.9997964,0,normal__170_1307970562729_C.wav
-164.24959,101.51851,13.288384,41.455303,10.191528,36.75559,6.6981025,14.131578,-5.674302,8.16548,0.9703622,0.5427596,-2.246136,0,normal__172_1307971284351_B.wav
-168.84944,105.41754,15.508974,37.875687,16.057285,35.91105,4.4344425,10.47919,-7.9491415,9.695995,1.8468683,-0.8210066,-2.3963237,0,normal__172_1307971284351_B1.wav
-104.00681,147.13672,25.426838,32.434742,10.844778,29.52765,0.5694925,11.94968,-2.9116433,4.9264135,4.0473437,2.1304688,-4.731112,0,normal__173_1307973611151_B.wav
-107.73962,129.78238,9.603623,33.33037,17.88864,28.86997,1.1893114,17.82533,1.8073063,2.2985551,-5.8730454,-0.99097776,-7.486402,0,normal__173_1307973611151_C.wav
-214.73561,118.436745,31.16435,40.46954,6.2406697,28.63385,4.2038054,17.988049,3.4093745,9.271341,-6.595227,0.44138384,4.649044,0,normal__174_1307987737137_B.wav
-212.15201,122.54681,31.236982,39.80229,7.834011,28.959312,0.9749364,16.681097,3.8683426,11.431276,-5.9872856,0.4775727,3.4981472,0,normal__174_1307987737137_B1.wav
-182.92575,81.34834,23.915674,38.11299,-2.7838552,19.507824,4.4703846,15.451087,0.635599,10.868917,1.1815634,4.6623774,3.0275242,0,normal__175_1307987962616_B.wav
-196.12355,83.00767,27.989222,42.022587,1.1243626,20.519085,4.9698167,16.33652,1.2448149,9.37,3.412358,3.316196,2.002309,0,normal__175_1307987962616_B1.wav
-209.34305,82.99657,24.48831,34.16844,-5.029571,10.386548,-5.287664,11.160107,-6.7836576,4.1258607,-3.7383182,-0.84537536,-3.932984,0,normal__175_1307987962616_D.wav
-197.88542,114.984566,16.442694,35.3755,12.790455,36.648018,-0.48889244,13.707993,1.6894752,8.425638,-0.53807855,2.4716768,-1.4331646,0,normal__176_1307988171173_A.wav
-185.02695,105.92772,22.947283,41.07211,-2.4479334,27.04962,0.9641959,17.499504,-2.4057364,1.6707904,-0.6665874,2.3212626,-0.8053367,0,normal__176_1307988171173_B.wav
-177.00061,109.45467,20.797144,37.879032,-5.691797,29.904379,2.9729042,17.01284,-0.87997794,-0.3439268,-3.052228,2.041218,-2.734603,0,normal__176_1307988171173_B1.wav
-198.63925,136.7271,29.442877,37.67824,9.551526,33.35064,-0.24340847,14.423523,0.5051249,8.343175,-2.3667068,1.3594234,0.45329314,0,normal__177_1307989650056_A1.wav
-212.18315,145.35048,15.924306,32.530617,21.51615,27.3966,-0.18858168,17.647701,-3.7527056,6.3299546,-1.7244169,2.3370466,0.51302266,0,normal__177_1307989650056_B.wav
-178.38814,143.3232,22.084518,47.42679,11.920009,21.659369,-6.5544877,6.805373,-7.894227,3.7897205,-4.569474,-2.4765766,-2.3996315,0,normal__177_1307989650056_D.wav
-199.93901,152.32686,23.681328,34.141907,13.739955,21.470951,-6.1622763,10.400746,-9.179138,5.3241453,-2.3824177,-0.5731172,-2.902861,0,normal__177_1307989650056_D1.wav
-166.86497,143.85005,25.265839,35.90654,1.8365126,31.38369,-1.3843867,10.287678,-1.5310864,4.9582224,-0.51822406,3.7239923,-1.7385443,0,normal__178_1307989887769_B.wav
-189.99959,147.525,15.724156,33.61081,11.292459,20.549683,-10.9793415,6.900094,-4.6590276,5.0835376,-3.2333589,2.8840003,4.2771225,0,normal__178_1307989887769_D.wav
-168.29778,158.33885,28.539495,34.20869,7.338945,27.382715,2.078259,12.954202,5.257506,12.592505,-2.3674912,0.4875914,-1.3358976,0,normal__179_1307990076841_B.wav
-173.90846,144.89137,18.97467,46.245132,17.786844,25.170128,-7.7036424,7.5833707,-5.491878,4.600016,1.0108218,7.1187453,2.2887352,0,normal__179_1307990076841_D.wav
-224.97975,104.38278,22.544428,25.191778,3.0115778,35.147263,3.2377603,10.253901,-2.1627798,9.774037,-1.955593,1.8939908,4.680484,0,normal__180_1307990956284_A.wav
-224.47945,89.18417,22.342587,39.09939,7.8264856,37.71973,6.113717,15.698753,5.022695,16.215155,2.244648,7.1223745,4.04761,0,normal__180_1307990956284_C.wav
-181.89948,140.68727,10.155345,36.156963,0.33407065,20.617107,-2.7644544,14.6765585,1.3509449,8.178644,4.1947203,7.3873005,3.6945963,0,normal__181_1308052613891_B.wav
-250.71115,115.74632,22.506947,44.961594,2.403408,18.370594,-3.7754931,16.578228,-0.45524862,6.161584,-3.9559932,-5.945547,-4.0561395,0,normal__181_1308052613891_D.wav
-155.12914,102.27029,19.225111,36.771984,-4.653494,16.809654,-3.9836044,7.117211,-1.3528547,6.336012,-3.663515,-7.0697956,-7.3240027,0,normal__183_1308072703477_B.wav
-214.54535,91.772484,25.768318,35.66114,9.755399,26.404066,2.289453,17.13501,1.0163219,7.8166456,-1.8723121,3.9308343,-0.12744242,0,normal__183_1308072703477_C.wav
-139.15793,139.63155,25.091673,47.89657,14.726607,26.040514,-3.735342,9.881928,-2.2510886,4.575943,2.1839035,2.4570565,-0.84395653,0,normal__184_1308073010307_B.wav
-172.6879,135.83026,33.59478,38.73806,-3.0820804,27.843801,1.3549733,17.242552,1.6507913,7.578447,-0.6852824,-3.4699428,-2.7065704,0,normal__184_1308073010307_D.wav
-207.12447,102.56138,39.11955,45.155266,10.896374,26.265844,-3.3585713,12.819264,6.4957504,13.818285,0.66019267,4.4188247,2.1887891,0,normal__186_1308073648738_C1.wav
-219.1649,117.97403,34.19159,27.695017,5.9816504,26.99457,-5.5007944,5.8860397,-2.070886,10.308502,-1.4821384,0.49045503,1.542684,0,normal__186_1308073648738_D.wav
-148.99062,132.25832,15.486759,40.926865,3.66283,28.301195,0.45020324,13.553411,-0.882615,8.550652,0.2552213,-3.4071405,-4.502619,0,normal__188_1308074301731_C.wav
-170.2788,128.77747,24.416248,29.865194,-12.988239,18.506954,-5.0588717,4.22727,-7.804063,2.8476841,-5.5573406,-4.1125383,-8.617355,0,normal__188_1308074301731_D.wav
-187.15492,118.113945,39.115807,43.15922,13.69938,36.13885,9.674426,15.86695,3.5085166,11.643444,-2.242889,-0.77877754,-6.350685,0,normal__190_1308076920011_C1.wav
-184.86899,145.10439,23.906658,25.064249,18.1435,27.595074,-12.083606,11.668637,3.8040233,7.7669945,1.8872132,0.41132474,-4.7608066,0,normal__190_1308076920011_D.wav
-133.52208,133.07944,29.271944,42.839302,9.470806,26.075182,0.5370742,7.5574775,1.0725781,7.4001827,-2.2162428,-3.0740845,0.7992696,0,normal__191_1308077299430_B.wav
-198.59132,135.69437,23.392761,28.459753,18.035742,29.659502,-8.635574,7.6005535,-5.0682178,6.019332,-3.2994657,2.314892,-0.25413185,0,normal__194_1308139824187_A.wav
-196.52554,141.0633,18.787603,29.317327,14.251028,26.907713,-6.7001677,8.635577,-5.3240013,7.55188,-2.4249814,2.6146836,-1.1310183,0,normal__194_1308139824187_A1.wav
-175.0842,114.02589,28.839066,50.047535,13.940059,28.64932,1.0747111,14.772362,0.26285258,5.120145,0.16062155,2.3197725,-4.628178,0,normal__198_1308141739338_C.wav
-517.85095,78.000626,6.724427,20.219564,12.611445,10.331913,9.041118,5.9323034,4.954645,3.5393076,1.7340084,1.6976204,-0.27388817,0,normal__201101070538.wav
-399.89368,103.69925,13.686878,30.54401,34.486885,22.256561,22.552654,19.073563,14.510034,14.292038,13.480966,16.522688,14.222857,0,normal__201101151127.wav
-411.21912,123.23993,13.402806,22.533443,-4.5453115,13.262003,5.5122814,7.3974886,8.976462,-2.842521,11.16048,4.3061585,7.1386275,0,normal__201102081152.wav
-380.94397,145.17091,0.9727643,12.781049,1.942753,12.974989,14.231959,4.4440393,4.8499765,1.5621415,6.5926867,4.1761336,0.9354063,0,normal__201102081321.wav
-567.4604,68.22499,2.709269,14.316681,7.836335,8.336783,4.343187,5.5465264,6.2126846,1.0630718,3.1065037,-0.68834484,0.9736015,0,normal__201102201230.wav
-596.28906,120.040535,28.13429,28.43375,34.78845,7.191467,24.777647,-1.2345337,15.882701,-1.6929156,8.037136,-1.7958958,2.0674496,0,normal__201102260502.wav
-520.629,91.86778,-11.729457,11.019314,5.681396,-4.2001867,1.9758235,-8.836825,-0.9783903,-7.7256703,-1.9742506,-5.6831307,-1.7964191,0,normal__201102270940.wav
-536.251,82.71861,4.775408,24.483425,11.78008,11.939452,10.269104,6.2041354,8.454742,2.1362123,7.135506,0.90139985,4.620892,0,normal__201103090635.wav
-484.49448,27.7873,25.502222,22.996243,20.630323,18.439594,16.330456,14.38339,12.705113,11.291031,10.058508,8.988549,8.110344,0,normal__201103101140.wav
-616.4261,81.087204,12.327299,7.8412294,13.828152,1.8035902,9.37,4.881464,4.921606,2.1068172,2.7679267,-2.6439188,-0.1572148,0,normal__201103140132.wav
-576.4376,96.39936,28.279396,3.310541,8.912554,6.452471,8.368432,5.7060385,3.1585119,-1.2518139,-0.10609459,-2.8890674,-0.71479714,0,normal__201103140135.wav
-387.26135,152.52327,39.222904,1.9184633,8.930494,11.266167,12.301266,10.544382,5.0641336,2.042671,0.6789166,-0.9936331,-0.33612183,0,normal__201103140822.wav
-460.09744,123.039055,4.7246847,37.098583,21.085238,16.310238,18.206293,0.9756465,12.165386,-1.9808817,9.728104,-5.543953,2.8819866,0,normal__201103151912.wav
-532.7327,41.8584,19.42001,13.994753,13.489591,10.861273,9.23302,10.960892,8.65145,2.3836634,-0.6821245,-0.47388667,-0.6919054,0,normal__201103170121.wav
-612.333,112.64044,18.757671,-10.94573,10.22214,-1.1831406,13.439242,-6.0533338,9.405375,-0.62832135,8.557546,0.37455204,1.3624305,0,normal__201103221214.wav
-460.91864,148.9308,26.626696,7.050951,13.002596,8.904231,11.803645,7.151643,4.4011188,5.9789186,5.244494,1.6700268,-1.2048533,0,normal__201104122156.wav
-598.5853,92.635315,1.2116739,16.03552,22.072462,-0.15095116,18.201181,-2.9057298,11.717261,-3.0269394,6.322098,-2.4508138,1.698412,0,normal__201104141251.wav
-405.204,169.60684,18.553572,12.722707,-0.06330573,5.6170883,19.657677,5.2263365,6.994389,-6.830458,0.13339937,-3.2083325,3.9285328,0,normal__201105011626.wav
-349.0096,91.52671,5.3360114,38.68746,11.378732,20.939484,10.1869,13.184673,8.737097,8.357641,7.1942487,5.831119,4.473433,0,normal__201105021654.wav
-397.75934,179.53052,19.176376,5.151851,-3.5243,0.10542758,10.325125,-3.6878567,3.9378102,0.39021748,5.9116697,-1.5579513,-0.9197888,0,normal__201105021804.wav
-498.004,96.86052,12.495685,19.348,14.11132,10.019395,9.646132,3.7917361,4.748034,1.594236,1.710332,-1.8734396,-1.2075304,0,normal__201105151450.wav
-404.60162,144.08334,54.27477,13.28162,21.737309,32.880222,29.16712,17.919565,8.434859,7.524382,9.296592,7.6472845,2.6202102,0,normal__201106111136.wav
-455.60608,129.82196,4.3479466,30.510632,18.733839,15.583382,22.80343,3.4843853,13.677577,-3.5241165,9.782156,-3.7783878,5.889422,0,normal__201106141148.wav
-479.66095,71.60093,15.778143,18.086346,15.97379,8.462559,7.417221,5.1605463,2.4160554,0.92378366,-0.16532996,-0.8260465,-1.5184087,0,normal__201106151236.wav
-342.14572,93.20582,6.011848,39.227375,12.388433,21.835802,9.952263,14.5919,10.947514,10.674465,9.569917,8.549311,8.389411,0,normal__201106210943.wav
-459.18707,116.9461,13.236109,27.067917,12.273948,15.927386,11.042681,12.339951,16.44631,12.332628,15.116667,9.919654,9.943404,0,normal__201106221418.wav
-508.71475,92.11252,62.60548,43.24935,35.420994,28.36513,20.408516,15.102316,11.597177,7.9239655,4.6984897,2.5316975,0.88632965,0,normal__201106221450.wav
-496.09695,57.085125,51.7496,44.229805,35.95671,28.172806,21.730074,16.99668,13.85559,11.856404,10.4657,9.2609825,7.998575,0,normal__201108011112.wav
-520.60913,63.10007,55.80014,46.003002,35.795654,26.837822,20.120926,15.785796,13.286514,11.775444,10.516384,9.139519,7.5917053,0,normal__201108011114.wav
-519.0233,63.278976,56.317013,46.689354,36.512444,27.55787,20.823586,16.454838,13.937483,12.454082,11.266895,9.962007,8.456824,0,normal__201108011115.wav
-509.0764,62.500565,56.39567,47.968487,38.761524,30.296986,23.539267,18.751308,15.65452,13.648273,12.125694,10.646693,9.021602,0,normal__201108011118.wav
-98.218575,134.84811,5.843007,29.686827,-4.732699,25.920582,0.45253816,9.834219,0.01891325,5.830922,-1.2693552,4.8272467,-5.2604594,0,normal__201_1308144942432_A.wav
-128.45483,150.23006,17.954271,25.814905,-0.1259204,20.450003,4.45881,13.800344,-0.07153983,3.5704274,-3.0968623,3.3543923,-1.7059817,0,normal__201_1308144942432_A1.wav
-172.5792,131.57964,17.938791,34.242184,12.018812,27.005413,-7.718538,6.19429,-3.5680757,9.458814,3.3775697,3.3885314,-0.8923131,0,normal__202_1308145175747_C.wav
-171.8145,129.98155,16.445816,26.682117,-3.2602012,21.389944,-8.411114,3.1357837,-6.084202,5.598171,5.200575,4.976115,-2.9357116,0,normal__202_1308145175747_D.wav
-129.21689,162.96783,24.941465,36.33014,9.681641,27.855228,0.73679256,12.492296,3.4999197,7.0055146,-3.203479,1.9567391,0.2559144,0,normal__204_1308159229275_C.wav
-181.59955,126.66152,40.429874,30.246988,4.826721,31.079151,-10.265633,7.902947,-4.2328553,11.162411,-0.77341205,5.4163094,0.44891596,0,normal__204_1308159229275_D.wav
-208.95381,59.136436,19.84364,43.871975,11.010104,24.355982,0.7122988,16.750937,4.8452487,9.421458,0.99933624,6.5431075,1.0434831,0,normal__206_1308159601959_C.wav
-206.06639,93.740776,20.927378,47.874817,11.06673,31.897184,10.966694,21.350338,1.841115,10.029041,3.1325383,-0.059434526,1.4942092,0,normal__207_1308159792607_C.wav
-201.71667,90.4884,29.809557,44.30932,3.285668,16.522018,2.6494074,15.448978,-2.1504197,9.305164,1.7083757,6.390116,2.6050699,0,normal__208_1308159994503_C.wav
-232.10638,123.13766,28.080755,30.393265,18.084114,31.354853,-10.297496,2.3709404,-1.1043591,10.755292,1.3738389,2.3975716,-0.1996078,0,normal__209_1308162216750_A.wav
-242.40504,119.74034,28.954817,29.584362,20.737524,31.339825,-6.5401297,5.134085,-1.4907587,11.655758,-0.10889185,2.3596425,0.84076554,0,normal__209_1308162216750_A1.wav
-127.66806,164.5403,28.554148,35.76841,5.8855767,22.154781,-5.8528595,8.363702,-3.9862301,5.1507316,-2.90863,2.5027006,-1.956721,0,normal__210_1308162935880_B.wav
-122.747215,162.90836,32.01671,31.215096,3.9550407,19.300665,-1.6583945,7.5197487,-0.65214735,4.0173516,-3.4185402,3.30211,-2.71951,0,normal__210_1308162935880_B1.wav
-169.79703,164.36595,31.637049,25.015364,7.288973,18.682066,-13.70015,4.5082884,-3.4143858,3.6656241,0.10821503,-0.069683075,-0.84334,0,normal__210_1308162935880_D1.wav
-157.3927,164.30083,25.099575,22.2937,6.437603,20.483456,-8.078423,6.281916,-6.4445086,5.0770545,-0.2024887,-1.5712055,-5.843734,0,normal__210_1308162935880_D2.wav
-205.1772,158.58469,16.069168,40.453693,17.955116,35.71271,4.4247136,12.957026,3.785433,10.545305,-1.2387949,-1.6248398,-0.2360945,0,normal__213_1308245263936_C.wav
-161.08087,119.00834,-1.692398,47.16374,11.374874,30.735771,2.068475,15.341331,2.2599282,8.173211,-1.4349723,4.8057218,-1.6652213,0,normal__214_1308245489717_A.wav
-264.1204,129.03778,25.365051,39.03801,9.1906595,31.895258,4.770944,13.798648,0.86499286,14.024555,1.9812409,5.387442,5.4697328,0,normal__215_1308245664733_C.wav
-267.56903,126.70089,27.47354,40.225426,10.058909,29.275951,6.464895,14.770324,2.1634934,13.143241,2.3168306,2.9763837,4.407014,0,normal__215_1308245664733_C1.wav
-215.35635,161.95123,29.183897,32.271114,5.1693335,26.400965,5.8085675,15.73222,-0.53600615,6.0550013,-2.9072278,-2.1871123,-0.113848105,0,normal__216_1308245839516_C.wav
-217.13971,155.6461,33.674347,46.907547,9.036563,30.71289,2.0144386,8.966625,1.2607003,11.366438,0.629991,0.78524023,-4.685093,0,normal__217_1308246111629_C.wav
-205.4117,154.60559,27.067589,46.189754,11.324495,30.41526,-1.4331812,12.259859,3.1213243,10.786922,-0.7635127,0.16492179,-2.296258,0,normal__217_1308246111629_C1.wav
-192.2984,111.83975,37.33369,49.36333,6.62068,26.965996,5.3189635,16.488909,2.1419585,8.685734,-0.28476351,1.0576322,-3.8521655,0,normal__218_1308246311449_C.wav
-180.15195,120.99391,33.40066,44.810192,5.8618746,33.25065,4.032659,15.099618,1.5732906,9.65346,-2.8111346,0.5421358,-1.6384802,0,normal__218_1308246311449_C1.wav
-153.61961,139.3172,23.218836,34.03377,11.868958,31.503038,-0.4344471,14.617273,1.7643198,9.338014,-0.69299585,0.98189443,-3.4128773,0,normal__220_1308250132896_C.wav
-141.76288,162.41272,35.630665,40.51389,6.833192,18.07677,-7.0398417,8.801898,0.7893134,4.864851,-2.1325417,-0.26226234,0.44853282,0,normal__220_1308250132896_D.wav
-218.06477,69.121376,24.37211,46.573914,9.3504,18.523226,-2.7718449,19.101913,1.5701841,10.496217,0.40686268,3.4181304,0.06675788,0,normal__224_1308337157445_C.wav
-175.66208,131.62555,32.56304,38.42032,8.530503,28.007381,6.416548,17.908558,6.0878315,11.544893,3.8344936,1.7219265,-0.6048778,0,normal__227_1308594233667_B.wav
-176.56184,121.890884,31.633102,46.98604,6.540325,28.654947,6.17309,19.131037,4.437617,7.968133,1.6783724,1.9637784,-3.1827877,0,normal__227_1308594233667_C.wav
-137.60278,139.47418,15.815024,31.892195,6.5051045,21.356028,-2.7511556,12.672335,-4.5127687,6.433947,-0.11257502,0.28428003,-1.2337759,0,normal__230_1308595300880_B.wav
-207.2152,85.41157,21.02445,45.53435,16.023966,32.718727,4.7442555,15.954299,-0.115086176,6.706045,-0.57597417,2.3280404,-1.7814355,0,normal__230_1308595300880_C.wav
-225.17198,146.32204,38.478,36.50377,5.501193,31.77374,3.7654252,13.681595,-4.043108,5.452258,-4.134389,0.98448664,-3.7354143,0,normal__232_1308748524018_A.wav
-147.58408,171.42934,18.480234,31.585518,5.5618663,29.677969,-1.4221444,9.231801,5.2932606,9.749923,-3.1936522,-2.360084,-2.1300113,0,normal__232_1308748524018_B.wav
-178.12679,161.36679,29.103521,39.93301,13.120603,20.580353,-2.2878616,17.320425,9.519456,8.1990595,-1.9961038,-2.6363285,-6.014605,0,normal__232_1308748524018_B1.wav
-169.528,157.68994,32.88596,43.277073,9.809736,20.23721,2.797375,13.863485,10.391654,10.65264,-5.099904,-6.1804504,-6.2040405,0,normal__232_1308748524018_C.wav
-206.64624,163.88036,18.232014,26.68811,3.5789602,32.183506,0.6977537,16.660511,1.584992,5.298767,0.13030614,2.8902092,0.8733993,0,normal__232_1308748524018_D1.wav
-92.31208,156.40697,16.51644,43.9363,11.697212,19.31851,2.0370262,9.48855,0.28139362,4.2875547,-0.35257316,0.99078655,1.6341393,0,normal__235_1308749032454_C.wav
-145.81248,170.91177,18.069553,31.445469,8.086649,22.133438,7.42542,21.43626,6.7858334,4.1984463,-6.211538,-6.6192064,-3.6410713,0,normal__235_1308749032454_D.wav
-195.78735,162.02664,23.923637,48.30604,13.399044,27.353422,-0.2125613,14.97422,7.224565,6.8898773,-7.401219,-2.1789193,-3.6388588,0,normal__237_1308750231222_C.wav
-242.77725,137.40195,27.890411,54.273834,16.299377,34.83367,2.917458,12.02347,2.4320078,9.10704,-1.0854762,6.8537498,4.2887354,0,normal__238_1309194586293_A.wav
-208.64275,154.51405,31.241161,47.68138,6.1170073,27.636135,6.436692,19.430805,3.343985,12.558374,-1.2412419,-0.9327234,1.0547326,0,normal__238_1309194586293_B.wav
-208.18716,152.891,26.896719,41.227516,-6.6969337,18.260351,-0.55811125,11.303411,3.683666,15.282975,2.143432,4.4396915,5.5115027,0,normal__250_1309202496494_A.wav
-180.87762,128.4494,5.804675,45.036377,3.1737683,28.78392,0.9340239,14.436937,-3.2111068,6.7189794,-1.4759414,2.0696828,0.23142673,0,normal__250_1309202496494_B.wav
-191.91411,136.65092,14.400264,39.874264,3.2973862,27.837664,6.713597,17.805456,2.5702431,9.446989,2.0045736,6.6445217,3.6978734,0,normal__252_1309203336604_B.wav
-213.13591,81.13843,28.54535,47.871067,20.223206,35.05332,-3.1835506,9.159222,1.8359019,9.115322,2.7217228,2.0326266,-3.07949,0,normal__256_1309351470137_A.wav
-175.11707,116.50067,28.42399,44.098972,2.0200586,23.543295,-4.2306604,9.8157425,-1.7431393,9.235614,-0.91863817,3.7300084,2.3084056,0,normal__258_1309352253234_C.wav
-139.7839,131.1831,16.486053,38.396076,0.9307511,23.033625,3.6699967,10.523297,-13.39946,4.0234013,-1.1414553,0.36165166,-1.8679156,0,normal__260_1309353164458_C.wav
-195.58592,87.65515,17.834864,39.518887,-6.1580415,10.444516,-3.0640967,13.326164,-4.7199636,6.173927,1.3604279,-1.3876721,-0.1589693,0,normal__261_1309353556003_B.wav
-155.02098,126.32272,18.678968,36.817795,-0.3797184,32.030685,7.946659,19.868988,3.96069,7.1494036,-1.6261977,-1.6644722,-5.576204,0,normal__262_1309355283807_A.wav
-267.72668,114.2475,34.445923,50.18629,11.437969,26.097416,-4.3551083,7.6266937,0.4942641,9.342566,-0.8612259,4.5571623,2.815376,0,normal__267_1309368735165_A.wav
-223.76581,128.0243,19.37886,45.625034,4.183661,26.370571,0.62543625,16.601265,1.8122413,5.0625067,-5.2187595,-1.3710915,-2.476384,0,normal__270_1309369533040_C.wav
-153.70978,120.69593,22.050928,38.4369,3.133061,20.530943,0.40060303,13.029727,-5.4433675,3.6510992,0.024562307,-2.8317308,-7.6088123,0,normal__273_1309370841191_B.wav
-218.07774,138.2278,26.22734,41.285423,-5.2916927,19.188198,0.35042763,22.993748,8.970119,13.2749405,2.2313936,1.0922459,-2.7074344,0,normal__274_1311075637574_A1.wav
-195.26776,152.22057,10.065747,38.285137,5.4291477,25.291782,-5.544645,8.112181,-1.166411,10.322326,2.9735026,6.1976748,-1.3719542,0,normal__274_1311075637574_B.wav
-199.1691,151.31831,19.370792,34.20779,1.806278,32.05658,-4.553748,10.055658,0.59104437,8.023897,0.52786803,3.3575406,0.7342833,0,normal__274_1311075637574_B1.wav
-228.44156,131.88216,25.846214,43.583565,-7.3058147,16.225288,-4.6629195,13.0664215,-0.46240827,6.952546,-1.6582266,0.016417742,-0.28220192,0,normal__274_1311075637574_D.wav
-247.1015,140.37042,30.053972,38.39488,7.9420385,31.308279,3.3691442,13.202478,1.1128286,7.731248,-0.35638577,4.222525,2.9198558,0,normal__278_1311163365896_A.wav
-245.44736,141.65208,23.861902,36.109665,9.155017,33.395763,2.0873663,11.128861,2.6229475,12.396069,1.190295,3.1179388,0.22483076,0,normal__278_1311163365896_A1.wav
-241.75589,139.41278,28.577183,38.208015,-1.534746,19.393017,-0.5048411,13.677988,2.8260984,15.032144,3.4881816,4.7967777,2.313579,0,normal__280_1311165195344_A.wav
-204.42049,170.31723,15.71721,23.146847,1.5865618,20.876835,-7.017855,11.866248,5.2921476,11.998525,-6.433343,-2.8683124,-0.07613774,0,normal__282_1311166081161_C.wav
-258.24536,103.968185,13.883648,44.500683,14.644031,29.529924,-5.454205,9.077807,2.2352388,9.969392,-3.1050005,0.47500783,3.4646246,0,normal__283_1311167409239_A.wav
-167.27148,151.79451,26.048449,27.825642,11.862229,31.31889,-0.6562929,4.8363085,4.787311,11.775579,-0.13920403,1.0236114,2.772553,0,normal__286_1311170606028_A.wav
-178.78722,154.52606,31.525011,42.26484,6.0534306,28.998884,0.935126,16.1555,3.8252788,10.000776,1.6679624,0.25777274,-1.6491648,0,normal__286_1311170606028_A1.wav
-127.67014,153.91989,9.937449,32.78708,0.34492663,26.72908,1.2169639,9.07362,-1.5530006,6.756082,2.9471157,1.0029614,0.19831097,0,normal__286_1311170606028_B1.wav
-150.52893,125.16831,14.031177,43.999733,-6.8601785,22.796186,-3.1089709,15.720733,-1.8188607,6.8720098,-5.7183566,-0.59186375,-4.385651,0,normal__286_1311170606028_C.wav
-228.46634,125.24822,32.529606,49.044563,1.3208297,22.279905,-0.1354325,11.948994,1.6008214,11.969427,-0.7663017,5.0507274,5.666775,0,normal__290_1311182875320_A.wav
-167.34697,139.77876,16.86612,55.765278,4.2894597,25.001165,9.695265,10.98434,3.8095682,11.2708,-2.159073,3.944256,-3.0868802,0,normal__291_1311185210672_A.wav
-185.46648,151.23296,27.106815,38.472237,19.877632,21.236664,-2.9645388,15.605097,0.80134237,11.5298815,1.6179427,-0.5980721,-1.6426407,0,normal__294_1311681084248_A.wav
-169.80484,159.7533,22.553299,43.673843,28.437777,26.119877,-5.460077,12.451528,-4.376491,2.5869715,0.93808645,-0.25489104,0.35437655,0,normal__294_1311681084248_B.wav
-177.31326,163.30371,9.011058,31.277617,17.894262,18.74505,-3.9620502,11.415877,-4.9677687,5.009191,-0.7819787,0.4433223,-2.2994576,0,normal__294_1311681084248_D1.wav
-131.88829,120.50568,5.6522827,43.948505,-7.544422,13.784541,-9.347225,9.41015,-5.8183074,5.961675,0.53510284,2.638374,-6.0171127,0,normal__295_1311682673157_D.wav
-158.23059,145.0247,42.90465,44.525562,7.7586865,34.258938,-3.1597176,11.842307,2.311396,2.6775532,-2.6399488,0.3329645,1.7363724,0,normal__296_1311682952647_A1.wav
-166.05618,132.32364,33.686188,47.255543,11.923636,32.47309,5.7931447,16.211102,2.4009056,6.990939,3.7171192,-0.1932805,-3.5320053,0,normal__296_1311682952647_A2.wav
-190.3404,123.956314,22.49921,25.055079,18.036472,32.11131,-4.562686,11.22685,-0.68957067,5.247995,-2.04901,0.406589,-2.3826802,0,normal__298_1311685888900_B.wav
-190.904,109.34768,27.550467,47.932453,19.039116,35.457783,-7.464769,7.9041977,-4.9043136,11.146429,0.901626,0.7088561,-4.051034,0,normal__299_1311770522820_C.wav
-215.19405,84.12025,29.066,51.263035,13.349731,38.280704,11.617832,16.769783,0.3344703,10.582666,2.984838,3.5620162,0.31080225,0,normal__300_1311772096120_C1.wav
-146.69543,95.58967,-5.983877,56.804455,7.5331044,28.594984,-0.79176915,15.671275,-1.0428605,8.510204,-0.74788624,5.1819873,0.92291886,1,murmur_noisymurmur_135_1306428972976_A.wav
-148.758,126.94381,1.2838525,58.306778,11.017414,28.644552,1.9760276,11.696195,0.16582134,9.605198,-2.95465,4.124482,-2.0119295,1,murmur_noisymurmur_135_1306428972976_B.wav
-202.61528,137.35599,30.979568,58.24332,11.181879,32.410797,0.0037173303,13.535206,0.59028757,8.625485,-0.7975898,1.0720879,-3.415035,1,murmur_noisymurmur_135_1306428972976_C.wav
-98.31637,136.65787,-9.820306,40.39925,-2.6274848,19.13815,-10.211451,8.2708435,-4.257534,3.1285422,-5.785398,1.9976518,-1.7433246,1,murmur_noisymurmur_156_1306936373241_A.wav
-29.8722,129.47939,-4.4345794,42.010464,-7.353911,17.220224,-6.3871393,10.614158,-4.6992173,2.0967176,-4.192826,-0.39429456,-3.6817718,1,murmur_noisymurmur_156_1306936373241_B1.wav
-163.95131,153.24153,0.793007,18.810333,-9.085635,22.893686,-3.3112617,17.111797,-0.5018274,8.573292,-1.7727998,4.9353557,1.8178238,1,murmur_noisymurmur_160_1307100683334_D.wav
-149.50075,142.76633,7.86717,52.792694,8.044448,14.325641,-10.71674,7.407341,-4.873053,5.6600833,-2.2841873,2.7520127,-1.0776508,1,murmur_noisymurmur_161_1307101199321_B.wav
-169.50757,156.68427,14.901158,30.922388,6.7754893,21.832304,-3.7201076,13.436326,-2.4056635,8.460854,0.3492777,2.0257318,0.11647622,1,murmur_noisymurmur_161_1307101199321_C.wav
0.21119952,118.95185,-20.163574,24.83443,-13.440006,15.3271265,-8.828613,8.402654,-3.6036983,5.3271933,-2.0950723,1.2201205,-4.4000754,1,murmur_noisymurmur_162_1307101835989_B_1.wav
-167.97644,163.73206,4.2658815,21.486126,-6.3336124,23.530415,-2.8880634,17.34036,2.23108,10.865275,1.2294917,4.6010356,0.52372134,1,murmur_noisymurmur_162_1307101835989_D.wav
-119.8715,129.62334,12.388103,44.39808,0.5781258,20.895596,-2.6868138,11.510064,-4.3971615,7.090076,-3.6956496,2.7196863,-0.9463176,1,murmur_noisymurmur_164_1307106095995_C1.wav
-229.95474,119.973656,0.12397631,30.518656,5.4068365,28.949883,-5.907623,9.822135,-0.35357445,10.708688,1.0374013,2.4158378,-0.037141692,1,murmur_noisymurmur_165_1307109069581_A.wav
-143.881,153.82857,-33.346962,28.19682,4.011537,18.06566,-5.2638392,5.547451,-4.37051,9.01987,-0.41077995,-0.4634099,-4.562238,1,murmur_noisymurmur_165_1307109069581_C1.wav
-235.01521,132.90607,0.96427673,23.954151,5.2437897,23.980873,-10.019952,3.9688356,-4.8969345,3.6730547,-2.6506681,-2.18597,-2.0116072,1,murmur_noisymurmur_165_1307109069581_D.wav
73.752205,115.23535,-27.545233,17.906872,-15.438743,9.457534,-6.9990788,8.745919,0.08402681,3.8511338,-3.7125924,-1.6571479,-0.890638,1,murmur_noisymurmur_171_1307971016233_D.wav
17.594795,148.51692,-16.340584,26.274805,-15.279211,16.442873,-7.449101,7.7095838,-8.179048,0.21650858,-3.9223979,0.9378891,-0.82474595,1,murmur_noisymurmur_171_1307971016233_F.wav
-190.67445,93.28241,10.878124,33.926525,-2.2310925,16.48942,-5.5586586,11.91255,2.454686,7.6915483,0.9298065,0.39355358,-0.5912111,1,murmur_noisymurmur_185_1308073325396_D.wav
-103.80826,139.74977,-6.8947544,33.79902,3.898767,25.329607,1.4205905,13.128527,0.9228137,5.295901,-5.1531224,-1.7884458,-5.922724,1,murmur_noisymurmur_200_1308144251434_D.wav
-225.53572,138.83983,25.553078,48.414856,0.51247513,16.54774,-4.9530487,8.686574,2.3053977,7.9135413,-4.491184,0.95316917,0.17305487,1,murmur_noisymurmur_231_1308748318393_A.wav
-160.8531,156.00952,-1.0457139,12.370115,-14.935154,12.122252,-3.5067673,3.4203217,-6.818468,3.5759637,-0.20512043,2.9650948,-2.3148432,1,murmur_noisymurmur_240_1309201366049_C.wav
-229.42705,126.1791,1.0153157,24.782583,2.9808369,25.714043,-8.158545,6.052237,-3.7919629,5.228288,-3.5415266,2.3360705,-0.6830736,1,murmur_noisymurmur_240_1309201366049_D.wav
-115.79624,114.170586,-12.904485,36.54723,-5.6866846,27.580202,0.6017325,14.467381,-1.2378652,4.717825,-3.6180499,0.36503106,-2.0643635,1,murmur_noisymurmur_243_1309197760898_B.wav
-150.38257,132.28354,0.9894699,39.04106,-3.7529302,25.232481,2.1450305,14.135646,-2.4602969,6.2152357,-2.6927488,1.6554905,-1.0844532,1,murmur_noisymurmur_243_1309197760898_C.wav
-226.9206,128.41377,4.056349,37.894173,2.365424,25.735413,1.536364,10.611149,2.8395169,10.633043,-0.16040939,5.1929035,1.4047911,1,murmur_noisymurmur_272_1309370164386_C.wav
-88.46038,158.13472,-9.7280855,39.179867,9.432463,23.013021,-4.0241246,6.36318,-5.3866944,3.0102499,-5.581857,-3.0300496,-5.5782766,1,murmur_noisymurmur_288_1311164615284_B1.wav
-62.840527,153.75598,-8.687297,27.699026,1.4986341,25.806583,0.19006197,10.423766,-0.6241302,8.833031,0.32823807,3.010768,-3.2212157,1,murmur_noisymurmur_288_1311164615284_C.wav
-224.17159,149.95769,27.619003,34.17894,-0.97669023,20.21262,-6.1883645,9.030143,-1.4072148,11.221827,-0.4584659,-1.5244608,-0.09336936,1,murmur_noisymurmur_292_1311185449649_D.wav
-127.92563,129.49992,7.1302886,28.525082,15.3719635,32.084915,4.0951104,8.854322,-1.0292687,8.332527,-2.2322967,0.62405753,-2.7611349,1,murmur_noisymurmur_293_1311680805936_C.wav
-111.23876,117.30935,5.1624665,32.48599,-5.9088235,23.18994,-2.020516,12.747484,-0.19228919,8.523346,1.1478668,5.0265384,-0.56083107,1,murmur_noisymurmur_293_1311680805936_D.wav
-234.28624,131.89972,17.709654,29.62862,14.525986,33.17235,-4.007702,18.283792,4.905839,9.662221,-1.4937032,3.2566185,-0.3334961,1,murmur__112_1306243000964_A.wav
-154.40102,155.40579,21.983547,40.34196,6.466907,23.42458,1.1279074,15.047229,4.4270344,9.171146,0.7063792,3.473052,-0.25307065,1,murmur__112_1306243000964_B.wav
-207.80003,145.40834,21.423828,40.96097,6.0264406,22.16313,-3.6755514,15.36205,2.115131,11.605796,2.5140421,1.7130905,-1.9036762,1,murmur__112_1306243000964_D.wav
-189.97908,140.29572,22.994736,26.330702,-7.5712166,27.186077,-1.1405867,15.584573,1.5762496,8.134855,-0.282222,5.640446,1.452893,1,murmur__116_1306258689913_A.wav
-227.34312,104.99609,30.248894,43.233162,-6.9965034,18.42042,-9.169281,8.367278,-4.3224764,3.989203,-6.201905,2.5191183,0.1418011,1,murmur__116_1306258689913_C.wav
-217.80315,107.8101,27.459291,41.802513,-5.866392,18.944588,-10.29755,8.301087,-4.3286495,5.5958095,-5.616253,0.07514351,-0.818948,1,murmur__116_1306258689913_D.wav
-243.51538,113.019585,29.12735,44.417576,0.095750116,28.980341,1.358345,19.7437,3.5836327,5.8447633,-4.309216,0.08859276,-0.27207795,1,murmur__122_1306325762831_C.wav
-231.52396,129.5412,30.961674,48.585747,9.83486,31.551426,-1.5162861,11.801146,2.8074884,9.342683,1.9012823,3.7854571,1.1044946,1,murmur__122_1306325762831_D.wav
-106.92789,174.41872,8.497351,42.244312,-2.5464308,17.910347,-5.055902,8.0707035,-5.7777243,2.0894334,-3.1940422,-0.0917174,-2.0568514,1,murmur__156_1306936373241_B.wav
-103.05743,180.06447,-14.16451,28.38639,-7.352809,18.375092,-8.493133,9.05988,-8.209718,0.9458398,-4.837182,0.23368578,-2.657262,1,murmur__160_1307100683334_A.wav
11.735977,174.8251,-17.367382,32.777157,-4.559962,10.326619,-2.4655876,5.37193,-1.6290385,0.2621561,-1.5077987,-0.86671805,-0.35941055,1,murmur__160_1307100683334_B.wav
-193.34612,168.63142,29.208078,37.514214,2.6503162,13.6448965,-15.471546,3.320418,-7.232866,1.9761766,-3.6225214,-0.07128451,-1.0858791,1,murmur__161_1307101199321_A.wav
-117.768005,176.24533,9.859023,30.628895,2.5250971,15.994911,-7.294031,8.993147,-3.2862034,1.3009788,-5.616184,-1.4362923,-3.0752277,1,murmur__162_1307101835989_A.wav
-66.441315,145.25597,-18.865788,28.140705,-13.266222,21.058437,-4.506382,13.642662,-2.048559,6.888219,-2.1893115,3.0973186,-2.557707,1,murmur__162_1307101835989_B.wav
-48.722767,159.91618,-9.060614,41.617134,-6.9892616,16.261227,-9.944713,9.234188,-3.0229564,4.715716,-3.60984,0.72348917,-2.3704777,1,murmur__164_1307106095995_B.wav
-136.42183,144.28728,5.419479,41.910904,4.9014688,21.917334,-4.678313,15.138761,-4.232157,5.412518,-3.201629,3.180907,-0.85607916,1,murmur__164_1307106095995_C.wav
-180.94484,149.30736,-7.1649027,25.900667,-2.2894933,19.270403,-3.6442478,7.573446,-3.3021662,8.827726,-2.4853852,-0.4855823,-1.3889078,1,murmur__165_1307109069581_C.wav
-169.30847,147.3887,-9.054646,24.246042,4.5789175,25.4903,-3.6714528,7.788218,-2.6541958,5.562584,-2.110677,1.3709255,-0.3192481,1,murmur__165_1307109069581_C2.wav
47.48028,152.57317,-33.61058,18.754494,-10.646915,6.9080844,-3.796086,3.4841058,-1.6113681,1.15801,-4.3525677,-3.8424864,-3.3220696,1,murmur__171_1307971016233_D.wav
43.112778,156.8108,-26.954082,16.671078,-13.143268,3.1491575,-7.4319305,3.5323327,-0.9317162,0.76462847,-2.6581328,-2.615547,-2.7928312,1,murmur__171_1307971016233_D1.wav
48.934658,140.35481,-25.461124,17.577501,-22.295492,7.4239535,-10.281215,11.251123,-4.2105727,2.3821292,-5.0016847,-0.016187038,-5.249835,1,murmur__171_1307971016233_E.wav
-153.96202,143.2578,6.9146338,22.854103,7.2668157,25.12753,-3.739209,6.5791407,-2.5162158,8.800392,-1.9541631,0.16177437,-0.75394905,1,murmur__185_1308073325396_B.wav
-175.37677,111.80621,14.575453,35.106796,7.8766537,28.49835,-0.76444656,9.208837,0.17730257,7.1753817,-2.5112612,1.6979551,-1.3920225,1,murmur__185_1308073325396_C.wav
4.9918103,155.548,-16.442707,30.508303,-1.6670544,8.698985,-7.7609396,3.1260228,-0.2598732,1.9382942,0.6457848,0.008299029,-1.7872094,1,murmur__193_1308078104592_B.wav
25.072332,159.38899,-31.580276,16.95238,-4.3619695,14.036525,-6.903938,3.8758662,-2.2101998,3.7646258,-0.98391366,2.1462917,-1.2956872,1,murmur__193_1308078104592_C.wav
50.537132,150.16644,-23.947618,10.955586,-7.978413,10.930223,-2.2421668,3.0351603,-0.35249102,1.4175197,-0.61235183,-0.33829853,0.1626445,1,murmur__193_1308078104592_C1.wav
-224.19185,116.58475,19.067944,25.377779,16.814003,30.359646,-6.648427,8.964234,-3.3947997,5.903176,-0.91073585,4.607191,3.4576864,1,murmur__195_1308140095331_A.wav
-193.59296,123.24607,25.318792,41.47799,15.439173,40.283203,5.746335,13.906637,1.802201,9.922975,2.0808032,2.6109958,-0.39047292,1,murmur__195_1308140095331_C.wav
-196.1628,125.530174,30.561617,33.539806,17.697212,41.878166,3.4757164,11.559597,2.2519886,9.50275,2.6931028,1.7388607,-0.39264998,1,murmur__195_1308140095331_C1.wav
-127.1409,125.341095,8.800431,38.704357,-0.98307633,19.886963,-2.1670146,10.887804,-3.5991244,3.504143,-3.8068624,0.5321149,-3.1328692,1,murmur__196_1308141034858_B.wav
-134.7439,131.11665,13.055047,33.387157,9.110967,33.21613,4.2669716,11.650235,-1.8715358,8.330957,-0.5536474,2.4132686,-1.9444516,1,murmur__196_1308141034858_C.wav
41.956253,157.5188,-20.526186,15.082795,-6.763234,0.8290382,-9.364476,-2.1996927,-4.467852,-3.495163,-4.4394183,-2.472387,-1.3525119,1,murmur__197_1308141235553_A.wav
-33.406895,167.92348,-2.1567667,28.322905,-17.300371,17.313679,-5.5686135,7.758967,-5.2174506,2.2516518,-2.9421992,1.6169482,-2.65893,1,murmur__197_1308141235553_C.wav
-119.70424,172.24391,6.3963046,30.466885,2.6469896,21.049147,-9.018639,4.9531827,-6.343878,2.689658,-5.2369623,-1.2359486,-4.711234,1,murmur__197_1308141235553_D.wav
-121.25463,126.95703,2.0183098,34.219826,2.5474432,24.027124,0.6688017,13.618569,1.0607358,6.8880486,-1.9835153,1.7912656,-3.1913574,1,murmur__200_1308144251434_C.wav
-102.34185,140.44653,-5.171113,36.19452,5.7705913,24.255365,-0.29025826,13.158887,1.5823979,5.0462184,-3.6427193,-0.67873126,-5.7758613,1,murmur__200_1308144251434_D.wav
-555.53815,103.280426,11.397169,29.016254,31.980762,18.449356,19.622072,14.375872,10.860905,9.182088,8.475577,10.879774,9.4704275,1,murmur__201101051104.wav
-586.17474,70.845345,-14.332103,9.108286,16.77523,5.81016,8.817472,3.8956225,3.6230335,4.585159,5.2535596,7.347705,6.6190495,1,murmur__201101051108.wav
-406.60965,99.962875,13.073137,26.39855,34.363346,19.953835,21.342443,18.093622,12.280087,14.166535,13.2606325,15.864338,13.437176,1,murmur__201101051114.wav
-468.3558,43.268097,38.55682,33.826847,29.946648,26.671751,23.665922,21.005188,18.802067,16.967161,15.369811,13.999654,12.855817,1,murmur__201101180902.wav
-409.0629,140.94435,14.586423,36.4935,29.842657,16.100515,16.901157,4.73616,12.011304,5.2229457,4.8160324,0.47795188,1.1747288,1,murmur__201102051443.wav
-444.21964,135.33846,44.755188,7.880808,20.004192,29.141493,21.073141,10.198927,4.8790436,4.8503456,6.3444586,4.9777727,0.53633064,1,murmur__201102052338.wav
-487.22827,59.39612,52.20676,44.90106,38.58223,33.229332,28.510681,24.671041,21.745167,19.25403,16.82674,14.691362,13.127237,1,murmur__201103291548.wav
-467.97052,112.49069,28.88207,30.85404,18.363117,14.715033,13.713641,12.675364,8.249449,3.6881351,-2.6019566,-0.27306977,-4.377798,1,murmur__201104021355.wav
-434.1903,150.10161,22.309786,19.201487,18.45276,13.1979265,16.346924,1.2499144,3.3197525,2.8369553,5.710912,4.025898,3.124494,1,murmur__201104241315.wav
-474.3198,113.14034,-1.6384029,28.108097,14.721187,10.106807,16.791538,0.14319037,10.676514,-4.576264,8.140037,-4.6442447,3.168212,1,murmur__201104291843.wav
-454.79718,130.69519,4.1908746,30.108646,18.53012,15.700462,22.941269,3.6305711,13.5953045,-3.6261609,9.720335,-3.7463987,6.005084,1,murmur__201106141148.wav
-492.3049,61.42826,56.22138,48.75438,40.364746,32.28736,25.400433,20.08419,16.231552,13.423779,11.170558,9.091897,7.0027204,1,murmur__201108222221.wav
-483.40845,73.671524,66.5213,56.573956,45.658356,35.4283,27.052826,20.927345,16.769398,13.909698,11.62918,9.419449,7.0374694,1,murmur__201108222223.wav
-491.12546,60.795403,55.200737,47.799732,39.504227,31.529394,24.77173,19.656673,16.099762,13.684033,11.890248,10.298524,8.676298,1,murmur__201108222224.wav
-489.23502,63.27065,57.394463,49.42645,40.564663,32.10516,25.022741,19.74222,16.114788,13.655523,11.788695,10.070082,8.268051,1,murmur__201108222226.wav
-489.36203,63.754425,57.650013,49.388958,40.169098,31.448856,24.228619,18.910479,15.330141,12.942642,11.133662,9.426137,7.5755935,1,murmur__201108222227.wav
-487.23923,63.954586,58.43269,50.87594,42.30733,34.009464,26.858555,21.211615,16.991758,13.834786,11.31746,9.106074,7.0227723,1,murmur__201108222231.wav
-485.56223,66.52925,60.588936,52.595863,43.56156,34.781425,27.133121,21.03904,16.40694,12.869221,9.999805,7.47796,5.1453166,1,murmur__201108222232.wav
-480.10965,72.37495,66.50288,58.007637,48.335457,38.807125,30.34138,23.36891,17.892775,13.636053,10.220614,7.317794,4.726772,1,murmur__201108222233.wav
-490.7488,60.307423,54.94837,47.799854,39.787643,32.052162,25.441751,20.331812,16.642199,13.983775,11.906697,10.045206,8.209801,1,murmur__201108222235.wav
-491.51443,60.02525,54.495213,47.27185,39.16083,31.437077,24.926374,19.97353,16.443043,13.885571,11.807297,9.845835,7.852532,1,murmur__201108222236.wav
-489.44534,62.04793,56.86167,49.66383,41.539642,33.65414,26.811895,21.413101,17.407383,14.436372,12.05089,9.901358,7.8088765,1,murmur__201108222237.wav
-487.44815,63.825905,58.74937,51.504482,43.350124,35.408123,28.493233,22.989769,18.829178,15.643558,12.998725,10.564148,8.180882,1,murmur__201108222238.wav
-474.18814,62.304295,57.406513,50.63835,42.967163,35.3552,28.57238,22.987642,18.60859,15.180408,12.3873825,9.960642,7.736852,1,murmur__201108222242.wav
-459.94543,68.638466,61.306618,53.388718,44.961388,36.872887,29.596666,23.43376,18.536057,14.861478,11.950245,9.276129,6.8771157,1,murmur__201108222243.wav
-542.1756,72.931046,61.724854,48.02117,35.042145,24.92713,18.292967,14.806933,13.420419,12.709927,11.503723,9.562042,7.4525595,1,murmur__201108222245.wav
-490.33023,59.22634,54.221325,47.397636,39.694885,32.217384,25.803522,20.83258,17.225237,14.6220045,12.566609,10.71165,8.878746,1,murmur__201108222246.wav
-487.806,61.346046,56.42663,49.60394,41.859974,34.306767,27.744877,22.551493,18.653402,15.719464,13.341529,11.182758,9.067501,1,murmur__201108222248.wav
-474.07904,56.459675,52.485573,46.98499,40.64689,34.240948,28.432674,23.615576,19.87271,17.006641,14.716943,12.706198,10.781818,1,murmur__201108222251.wav
-474.43402,60.598667,56.156857,50.24161,43.374783,36.472515,30.249998,25.149483,21.210276,18.215113,15.819321,13.7021885,11.657015,1,murmur__201108222252.wav
-459.9141,59.53187,55.57054,50.202904,43.827538,37.274113,31.177706,25.997007,21.876575,18.707548,16.220554,14.12388,12.181108,1,murmur__201108222253.wav
-472.2808,55.52708,52.144966,47.101345,41.121593,34.953674,29.212046,24.278522,20.277317,17.119513,14.593238,12.464039,10.552297,1,murmur__201108222255.wav
-476.7564,50.1385,46.406265,41.458397,35.68278,29.856663,24.55382,20.165718,16.76166,14.171099,12.114408,10.344021,8.700538,1,murmur__201108222256.wav
-472.81183,55.58079,51.861435,46.57795,40.474392,34.23435,28.494848,23.664204,19.838465,16.876156,14.510918,12.478401,10.5999775,1,murmur__201108222258.wav
-174.8639,137.01929,23.660759,27.358702,-4.3518,18.641853,-7.3549757,13.086632,3.916397,6.162408,-0.047121897,6.8301573,2.5413094,1,murmur__203_1308162026258_B.wav
-168.88713,129.1089,23.387909,49.57304,7.8313265,21.987598,0.040811826,18.397554,10.249463,8.370798,-0.8598959,6.6439476,-1.7857981,1,murmur__203_1308162026258_C1.wav
-199.6928,127.308846,22.868896,45.337112,15.002523,27.984085,-8.287264,10.128142,2.271017,10.684908,1.2048615,1.577246,-2.2181058,1,murmur__203_1308162026258_D.wav
-136.60674,128.75566,17.485489,44.576916,3.858701,30.62326,-2.9158287,3.4690034,-2.0667267,4.0654645,0.57483566,6.1336923,2.3996754,1,murmur__204_1308159229275_B.wav
-172.99873,118.09212,30.428282,43.318127,6.646071,23.54644,-3.8619657,12.369222,-2.1662617,5.517865,2.6973782,5.2671046,1.6297818,1,murmur__211_1308163238707_C.wav
-183.65372,133.0973,21.027824,32.787556,10.591966,23.391697,-1.0712826,7.4510593,-3.9280007,2.819996,-7.729391,-0.8559566,-3.0125065,1,murmur__223_1308337062581_D.wav
-159.89017,149.91891,-2.7997615,26.898943,-10.89685,13.334736,-8.30433,11.299555,-5.5685854,4.4020276,-4.335302,-1.5035834,-2.2833486,1,murmur__239_1309195730333_B.wav
-168.35844,143.1352,-1.0623009,32.86631,-9.27893,19.978342,-4.9319334,13.980076,-2.0606477,8.29614,0.6621892,3.3999739,-0.025060253,1,murmur__239_1309195730333_C.wav
-227.64645,139.28941,27.042221,41.18261,1.9600477,19.24576,-5.3554354,13.592828,-0.8478054,10.056991,2.876969,3.863232,2.4577887,1,murmur__240_1309196119795_B.wav
-176.47453,146.16928,0.012400252,39.076237,-10.149906,16.134672,-7.69553,14.545044,-0.097835295,9.387425,1.3894339,1.6864038,-0.26681712,1,murmur__240_1309196119795_C.wav
-151.66734,158.46317,-9.73033,16.919699,-14.025631,9.191342,-10.026419,1.2662387,-9.466812,0.4384042,-3.4472852,-2.2459364,-1.7980998,1,murmur__240_1309201366049_B.wav
-187.55,133.60947,8.933752,42.254673,-1.0158019,20.654427,-2.429381,12.984389,-0.03720922,4.5880384,-0.3991609,-0.9098927,-1.9675598,1,murmur__242_1309197394064_B.wav
-208.20952,111.98362,11.180007,49.256313,-3.130874,21.16793,-4.7904696,14.930006,-1.552848,7.734338,-0.38188732,0.92471015,-1.1922371,1,murmur__242_1309197394064_D.wav
-179.81451,129.66919,2.667243,40.37391,-0.7269026,27.392776,0.09238779,13.400813,-4.3122745,5.641334,-1.6929953,0.9008899,-3.8452673,1,murmur__244_1309198148498_B.wav
-77.6346,133.88087,-20.45602,20.778214,-27.097778,14.366353,-9.168136,10.726046,-10.70679,-0.17618924,-7.379533,0.25703388,-3.8633153,1,murmur__245_1309200438094_B.wav
-164.0834,160.97531,-7.857139,24.434954,-6.3243876,21.47229,-3.3748405,14.444308,1.8508934,9.8382015,2.167302,5.218076,3.1093342,1,murmur__248_1309201683806_A.wav
-115.57683,171.27376,-2.8341727,38.424534,2.8296432,24.124247,-3.6971369,10.945203,-1.938108,6.7579956,-1.4626435,2.5002348,-0.21378928,1,murmur__248_1309201683806_C.wav
-61.53294,135.26167,-4.8457313,14.65821,-18.667662,6.6801057,-15.260808,0.29413414,-8.949307,4.2121644,-3.3687181,1.4255008,-2.2360733,1,murmur__254_1309350589009_A.wav
-93.74496,146.39218,-9.458526,17.059305,-20.429173,11.264794,-14.151766,7.375088,-8.269587,6.765698,-2.7624533,1.423856,0.32230788,1,murmur__254_1309350589009_A1.wav
-58.720455,128.79602,-20.442745,41.099762,-15.674146,19.15276,-8.160637,16.862143,-2.427258,4.511534,-1.8364842,-2.770842,-0.8295658,1,murmur__254_1309350589009_C.wav
-131.60074,126.420815,1.9862841,34.007957,-12.254318,10.893715,-5.5834002,13.408542,-6.187858,8.077776,0.2384576,0.43834987,0.19485456,1,murmur__254_1309350589009_D.wav
-217.15541,131.27548,20.94899,49.007988,8.733097,28.829666,-1.6784832,14.718925,-0.2779324,7.917128,-2.1344557,3.4220152,2.267135,1,murmur__276_1311162716489_C.wav
-146.8854,184.08023,7.2550054,40.722454,13.547643,24.36348,-8.593211,7.876493,-3.9439778,3.06694,-7.588796,-0.30808267,-0.3303567,1,murmur__281_1311165683454_A.wav
-32.395477,169.82362,-21.040789,30.956984,-2.5846643,11.352336,-13.142988,3.5780165,-7.5712147,-0.100351006,-6.0954785,0.13842867,-0.96508193,1,murmur__281_1311165683454_B.wav
-124.62745,162.18181,9.179629,32.975254,-4.2200327,16.832708,-7.9302764,7.01427,-0.26981205,6.7766595,-2.318377,2.2017047,-1.1466315,1,murmur__281_1311165683454_D.wav
-223.77824,121.79613,21.895521,40.426735,1.5653887,30.910055,3.6761913,15.722651,4.0127325,11.484411,-0.27629733,2.8861008,-1.1427963,1,murmur__287_1311170903290_C.wav
-88.447525,163.43724,-13.833315,39.38456,8.652983,26.245712,-3.0069022,14.038821,0.113015294,9.285905,0.9054685,5.695435,1.3446379,1,murmur__288_1311164615284_D.wav
-201.55162,146.96597,22.07066,39.04255,9.87262,26.66018,3.9019635,12.083498,2.37441,10.644759,-1.2331617,-0.025255598,1.7641034,1,murmur__292_1311185449649_B.wav
-206.82564,152.19884,20.842564,31.99599,1.1368175,27.978357,1.9379023,14.801773,3.945582,12.745057,2.1164439,1.0296646,-2.4704797,1,murmur__292_1311185449649_C.wav
-138.42355,142.209,21.512543,37.90612,12.661517,28.104939,2.803386,12.036683,0.85542923,4.7381196,-0.41523597,-4.517229,-1.0602703,1,murmur__293_1311680805936_B1.wav
